ISO-10303-21;
HEADER;
FILE_DESCRIPTION(('FreeCAD Model'),'2;1');
FILE_NAME('Open CASCADE Shape Model','2026-05-25T14:24:40',('Author'),(
    ''),'Open CASCADE STEP processor 7.8','FreeCAD','Unknown');
FILE_SCHEMA(('AUTOMOTIVE_DESIGN { 1 0 10303 214 1 1 1 1 }'));
ENDSEC;
DATA;
#1 = APPLICATION_PROTOCOL_DEFINITION('international standard',
  'automotive_design',2000,#2);
#2 = APPLICATION_CONTEXT(
  'core data for automotive mechanical design processes');
#3 = SHAPE_DEFINITION_REPRESENTATION(#4,#10);
#4 = PRODUCT_DEFINITION_SHAPE('','',#5);
#5 = PRODUCT_DEFINITION('design','',#6,#9);
#6 = PRODUCT_DEFINITION_FORMATION('','',#7);
#7 = PRODUCT('Sensor Humedad v8','Sensor Humedad v8','',(#8));
#8 = PRODUCT_CONTEXT('',#2,'mechanical');
#9 = PRODUCT_DEFINITION_CONTEXT('part definition',#2,'design');
#10 = SHAPE_REPRESENTATION('',(#11,#15),#19);
#11 = AXIS2_PLACEMENT_3D('',#12,#13,#14);
#12 = CARTESIAN_POINT('',(0.,0.,0.));
#13 = DIRECTION('',(0.,0.,1.));
#14 = DIRECTION('',(1.,0.,-0.));
#15 = AXIS2_PLACEMENT_3D('',#16,#17,#18);
#16 = CARTESIAN_POINT('',(0.,0.,0.));
#17 = DIRECTION('',(0.,0.,1.));
#18 = DIRECTION('',(1.,0.,0.));
#19 = ( GEOMETRIC_REPRESENTATION_CONTEXT(3) 
GLOBAL_UNCERTAINTY_ASSIGNED_CONTEXT((#23)) GLOBAL_UNIT_ASSIGNED_CONTEXT(
(#20,#21,#22)) REPRESENTATION_CONTEXT('Context #1',
  '3D Context with UNIT and UNCERTAINTY') );
#20 = ( LENGTH_UNIT() NAMED_UNIT(*) SI_UNIT(.MILLI.,.METRE.) );
#21 = ( NAMED_UNIT(*) PLANE_ANGLE_UNIT() SI_UNIT($,.RADIAN.) );
#22 = ( NAMED_UNIT(*) SI_UNIT($,.STERADIAN.) SOLID_ANGLE_UNIT() );
#23 = UNCERTAINTY_MEASURE_WITH_UNIT(LENGTH_MEASURE(1.E-07),#20,
  'distance_accuracy_value','confusion accuracy');
#24 = PRODUCT_RELATED_PRODUCT_CATEGORY('part',$,(#7));
#25 = SHAPE_DEFINITION_REPRESENTATION(#26,#32);
#26 = PRODUCT_DEFINITION_SHAPE('','',#27);
#27 = PRODUCT_DEFINITION('design','',#28,#31);
#28 = PRODUCT_DEFINITION_FORMATION('','',#29);
#29 = PRODUCT('COMPOUND014','COMPOUND014','',(#30));
#30 = PRODUCT_CONTEXT('',#2,'mechanical');
#31 = PRODUCT_DEFINITION_CONTEXT('part definition',#2,'design');
#32 = SHAPE_REPRESENTATION('',(#11,#33,#37,#41,#45,#49,#53,#57,#61,#65,
    #69,#73,#77,#81,#85),#89);
#33 = AXIS2_PLACEMENT_3D('',#34,#35,#36);
#34 = CARTESIAN_POINT('',(0.,0.,0.));
#35 = DIRECTION('',(0.,0.,1.));
#36 = DIRECTION('',(1.,0.,0.));
#37 = AXIS2_PLACEMENT_3D('',#38,#39,#40);
#38 = CARTESIAN_POINT('',(0.,0.,0.));
#39 = DIRECTION('',(0.,0.,1.));
#40 = DIRECTION('',(1.,0.,0.));
#41 = AXIS2_PLACEMENT_3D('',#42,#43,#44);
#42 = CARTESIAN_POINT('',(0.,0.,0.));
#43 = DIRECTION('',(0.,0.,1.));
#44 = DIRECTION('',(1.,0.,0.));
#45 = AXIS2_PLACEMENT_3D('',#46,#47,#48);
#46 = CARTESIAN_POINT('',(0.,0.,0.));
#47 = DIRECTION('',(0.,0.,1.));
#48 = DIRECTION('',(1.,0.,0.));
#49 = AXIS2_PLACEMENT_3D('',#50,#51,#52);
#50 = CARTESIAN_POINT('',(0.,0.,0.));
#51 = DIRECTION('',(0.,0.,1.));
#52 = DIRECTION('',(1.,0.,0.));
#53 = AXIS2_PLACEMENT_3D('',#54,#55,#56);
#54 = CARTESIAN_POINT('',(0.,0.,0.));
#55 = DIRECTION('',(0.,0.,1.));
#56 = DIRECTION('',(1.,0.,0.));
#57 = AXIS2_PLACEMENT_3D('',#58,#59,#60);
#58 = CARTESIAN_POINT('',(0.,0.,0.));
#59 = DIRECTION('',(0.,0.,1.));
#60 = DIRECTION('',(1.,0.,0.));
#61 = AXIS2_PLACEMENT_3D('',#62,#63,#64);
#62 = CARTESIAN_POINT('',(0.,0.,0.));
#63 = DIRECTION('',(0.,0.,1.));
#64 = DIRECTION('',(1.,0.,0.));
#65 = AXIS2_PLACEMENT_3D('',#66,#67,#68);
#66 = CARTESIAN_POINT('',(0.,0.,0.));
#67 = DIRECTION('',(0.,0.,1.));
#68 = DIRECTION('',(1.,0.,0.));
#69 = AXIS2_PLACEMENT_3D('',#70,#71,#72);
#70 = CARTESIAN_POINT('',(0.,0.,0.));
#71 = DIRECTION('',(0.,0.,1.));
#72 = DIRECTION('',(1.,0.,0.));
#73 = AXIS2_PLACEMENT_3D('',#74,#75,#76);
#74 = CARTESIAN_POINT('',(0.,0.,0.));
#75 = DIRECTION('',(0.,0.,1.));
#76 = DIRECTION('',(1.,0.,0.));
#77 = AXIS2_PLACEMENT_3D('',#78,#79,#80);
#78 = CARTESIAN_POINT('',(0.,0.,0.));
#79 = DIRECTION('',(0.,0.,1.));
#80 = DIRECTION('',(1.,0.,0.));
#81 = AXIS2_PLACEMENT_3D('',#82,#83,#84);
#82 = CARTESIAN_POINT('',(0.,0.,0.));
#83 = DIRECTION('',(0.,0.,1.));
#84 = DIRECTION('',(1.,0.,0.));
#85 = AXIS2_PLACEMENT_3D('',#86,#87,#88);
#86 = CARTESIAN_POINT('',(0.,0.,0.));
#87 = DIRECTION('',(0.,0.,1.));
#88 = DIRECTION('',(1.,0.,0.));
#89 = ( GEOMETRIC_REPRESENTATION_CONTEXT(3) 
GLOBAL_UNCERTAINTY_ASSIGNED_CONTEXT((#93)) GLOBAL_UNIT_ASSIGNED_CONTEXT(
(#90,#91,#92)) REPRESENTATION_CONTEXT('Context #1',
  '3D Context with UNIT and UNCERTAINTY') );
#90 = ( LENGTH_UNIT() NAMED_UNIT(*) SI_UNIT(.MILLI.,.METRE.) );
#91 = ( NAMED_UNIT(*) PLANE_ANGLE_UNIT() SI_UNIT($,.RADIAN.) );
#92 = ( NAMED_UNIT(*) SI_UNIT($,.STERADIAN.) SOLID_ANGLE_UNIT() );
#93 = UNCERTAINTY_MEASURE_WITH_UNIT(LENGTH_MEASURE(1.E-07),#90,
  'distance_accuracy_value','confusion accuracy');
#94 = CONTEXT_DEPENDENT_SHAPE_REPRESENTATION(#95,#97);
#95 = ( REPRESENTATION_RELATIONSHIP('','',#32,#10) 
REPRESENTATION_RELATIONSHIP_WITH_TRANSFORMATION(#96) 
SHAPE_REPRESENTATION_RELATIONSHIP() );
#96 = ITEM_DEFINED_TRANSFORMATION('','',#11,#15);
#97 = PRODUCT_DEFINITION_SHAPE('Placement','Placement of an item',#98);
#98 = NEXT_ASSEMBLY_USAGE_OCCURRENCE('15','COMPOUND014','',#5,#27,$);
#99 = PRODUCT_RELATED_PRODUCT_CATEGORY('part',$,(#29));
#100 = SHAPE_DEFINITION_REPRESENTATION(#101,#107);
#101 = PRODUCT_DEFINITION_SHAPE('','',#102);
#102 = PRODUCT_DEFINITION('design','',#103,#106);
#103 = PRODUCT_DEFINITION_FORMATION('','',#104);
#104 = PRODUCT('COMPOUND','COMPOUND','',(#105));
#105 = PRODUCT_CONTEXT('',#2,'mechanical');
#106 = PRODUCT_DEFINITION_CONTEXT('part definition',#2,'design');
#107 = ADVANCED_BREP_SHAPE_REPRESENTATION('',(#11,#108),#427);
#108 = MANIFOLD_SOLID_BREP('',#109);
#109 = CLOSED_SHELL('',(#110,#150,#183,#214,#245,#276,#309,#340,#371,
    #393,#410));
#110 = ADVANCED_FACE('',(#111),#145,.T.);
#111 = FACE_BOUND('',#112,.T.);
#112 = EDGE_LOOP('',(#113,#123,#131,#139));
#113 = ORIENTED_EDGE('',*,*,#114,.F.);
#114 = EDGE_CURVE('',#115,#117,#119,.T.);
#115 = VERTEX_POINT('',#116);
#116 = CARTESIAN_POINT('',(-11.5,0.,38.));
#117 = VERTEX_POINT('',#118);
#118 = CARTESIAN_POINT('',(-11.5,0.,-27.25));
#119 = LINE('',#120,#121);
#120 = CARTESIAN_POINT('',(-11.5,0.,49.));
#121 = VECTOR('',#122,1.);
#122 = DIRECTION('',(0.,0.,-1.));
#123 = ORIENTED_EDGE('',*,*,#124,.T.);
#124 = EDGE_CURVE('',#115,#125,#127,.T.);
#125 = VERTEX_POINT('',#126);
#126 = CARTESIAN_POINT('',(-11.5,1.,38.));
#127 = LINE('',#128,#129);
#128 = CARTESIAN_POINT('',(-11.5,0.,38.));
#129 = VECTOR('',#130,1.);
#130 = DIRECTION('',(0.,1.,0.));
#131 = ORIENTED_EDGE('',*,*,#132,.F.);
#132 = EDGE_CURVE('',#133,#125,#135,.T.);
#133 = VERTEX_POINT('',#134);
#134 = CARTESIAN_POINT('',(-11.5,1.,-27.25));
#135 = LINE('',#136,#137);
#136 = CARTESIAN_POINT('',(-11.5,1.,49.));
#137 = VECTOR('',#138,1.);
#138 = DIRECTION('',(0.,0.,1.));
#139 = ORIENTED_EDGE('',*,*,#140,.F.);
#140 = EDGE_CURVE('',#117,#133,#141,.T.);
#141 = LINE('',#142,#143);
#142 = CARTESIAN_POINT('',(-11.5,0.,-27.25));
#143 = VECTOR('',#144,1.);
#144 = DIRECTION('',(0.,1.,0.));
#145 = PLANE('',#146);
#146 = AXIS2_PLACEMENT_3D('',#147,#148,#149);
#147 = CARTESIAN_POINT('',(-11.5,0.,-27.25));
#148 = DIRECTION('',(-1.,0.,0.));
#149 = DIRECTION('',(0.,0.,1.));
#150 = ADVANCED_FACE('',(#151),#178,.F.);
#151 = FACE_BOUND('',#152,.F.);
#152 = EDGE_LOOP('',(#153,#163,#170,#171));
#153 = ORIENTED_EDGE('',*,*,#154,.T.);
#154 = EDGE_CURVE('',#155,#157,#159,.T.);
#155 = VERTEX_POINT('',#156);
#156 = CARTESIAN_POINT('',(-11.5,0.,-30.75));
#157 = VERTEX_POINT('',#158);
#158 = CARTESIAN_POINT('',(-11.5,1.,-30.75));
#159 = LINE('',#160,#161);
#160 = CARTESIAN_POINT('',(-11.5,0.,-30.75));
#161 = VECTOR('',#162,1.);
#162 = DIRECTION('',(0.,1.,0.));
#163 = ORIENTED_EDGE('',*,*,#164,.T.);
#164 = EDGE_CURVE('',#157,#133,#165,.T.);
#165 = CIRCLE('',#166,1.75);
#166 = AXIS2_PLACEMENT_3D('',#167,#168,#169);
#167 = CARTESIAN_POINT('',(-11.5,1.,-29.));
#168 = DIRECTION('',(0.,-1.,0.));
#169 = DIRECTION('',(1.,0.,0.));
#170 = ORIENTED_EDGE('',*,*,#140,.F.);
#171 = ORIENTED_EDGE('',*,*,#172,.T.);
#172 = EDGE_CURVE('',#117,#155,#173,.T.);
#173 = CIRCLE('',#174,1.75);
#174 = AXIS2_PLACEMENT_3D('',#175,#176,#177);
#175 = CARTESIAN_POINT('',(-11.5,0.,-29.));
#176 = DIRECTION('',(-0.,1.,0.));
#177 = DIRECTION('',(1.,0.,0.));
#178 = CYLINDRICAL_SURFACE('',#179,1.75);
#179 = AXIS2_PLACEMENT_3D('',#180,#181,#182);
#180 = CARTESIAN_POINT('',(-11.5,0.,-29.));
#181 = DIRECTION('',(0.,1.,0.));
#182 = DIRECTION('',(1.,0.,0.));
#183 = ADVANCED_FACE('',(#184),#209,.T.);
#184 = FACE_BOUND('',#185,.T.);
#185 = EDGE_LOOP('',(#186,#194,#195,#203));
#186 = ORIENTED_EDGE('',*,*,#187,.F.);
#187 = EDGE_CURVE('',#155,#188,#190,.T.);
#188 = VERTEX_POINT('',#189);
#189 = CARTESIAN_POINT('',(-11.5,0.,-49.));
#190 = LINE('',#191,#192);
#191 = CARTESIAN_POINT('',(-11.5,0.,49.));
#192 = VECTOR('',#193,1.);
#193 = DIRECTION('',(0.,0.,-1.));
#194 = ORIENTED_EDGE('',*,*,#154,.T.);
#195 = ORIENTED_EDGE('',*,*,#196,.F.);
#196 = EDGE_CURVE('',#197,#157,#199,.T.);
#197 = VERTEX_POINT('',#198);
#198 = CARTESIAN_POINT('',(-11.5,1.,-49.));
#199 = LINE('',#200,#201);
#200 = CARTESIAN_POINT('',(-11.5,1.,49.));
#201 = VECTOR('',#202,1.);
#202 = DIRECTION('',(0.,0.,1.));
#203 = ORIENTED_EDGE('',*,*,#204,.F.);
#204 = EDGE_CURVE('',#188,#197,#205,.T.);
#205 = LINE('',#206,#207);
#206 = CARTESIAN_POINT('',(-11.5,0.,-49.));
#207 = VECTOR('',#208,1.);
#208 = DIRECTION('',(0.,1.,0.));
#209 = PLANE('',#210);
#210 = AXIS2_PLACEMENT_3D('',#211,#212,#213);
#211 = CARTESIAN_POINT('',(-11.5,0.,-49.));
#212 = DIRECTION('',(-1.,0.,0.));
#213 = DIRECTION('',(0.,0.,1.));
#214 = ADVANCED_FACE('',(#215),#240,.T.);
#215 = FACE_BOUND('',#216,.T.);
#216 = EDGE_LOOP('',(#217,#225,#226,#234));
#217 = ORIENTED_EDGE('',*,*,#218,.F.);
#218 = EDGE_CURVE('',#188,#219,#221,.T.);
#219 = VERTEX_POINT('',#220);
#220 = CARTESIAN_POINT('',(11.5,0.,-49.));
#221 = LINE('',#222,#223);
#222 = CARTESIAN_POINT('',(-11.5,0.,-49.));
#223 = VECTOR('',#224,1.);
#224 = DIRECTION('',(1.,0.,0.));
#225 = ORIENTED_EDGE('',*,*,#204,.T.);
#226 = ORIENTED_EDGE('',*,*,#227,.F.);
#227 = EDGE_CURVE('',#228,#197,#230,.T.);
#228 = VERTEX_POINT('',#229);
#229 = CARTESIAN_POINT('',(11.5,1.,-49.));
#230 = LINE('',#231,#232);
#231 = CARTESIAN_POINT('',(-11.5,1.,-49.));
#232 = VECTOR('',#233,1.);
#233 = DIRECTION('',(-1.,0.,0.));
#234 = ORIENTED_EDGE('',*,*,#235,.F.);
#235 = EDGE_CURVE('',#219,#228,#236,.T.);
#236 = LINE('',#237,#238);
#237 = CARTESIAN_POINT('',(11.5,0.,-49.));
#238 = VECTOR('',#239,1.);
#239 = DIRECTION('',(0.,1.,0.));
#240 = PLANE('',#241);
#241 = AXIS2_PLACEMENT_3D('',#242,#243,#244);
#242 = CARTESIAN_POINT('',(11.5,0.,-49.));
#243 = DIRECTION('',(0.,0.,-1.));
#244 = DIRECTION('',(-1.,0.,0.));
#245 = ADVANCED_FACE('',(#246),#271,.T.);
#246 = FACE_BOUND('',#247,.T.);
#247 = EDGE_LOOP('',(#248,#256,#257,#265));
#248 = ORIENTED_EDGE('',*,*,#249,.F.);
#249 = EDGE_CURVE('',#219,#250,#252,.T.);
#250 = VERTEX_POINT('',#251);
#251 = CARTESIAN_POINT('',(11.5,0.,-30.75));
#252 = LINE('',#253,#254);
#253 = CARTESIAN_POINT('',(11.5,0.,-49.));
#254 = VECTOR('',#255,1.);
#255 = DIRECTION('',(0.,0.,1.));
#256 = ORIENTED_EDGE('',*,*,#235,.T.);
#257 = ORIENTED_EDGE('',*,*,#258,.F.);
#258 = EDGE_CURVE('',#259,#228,#261,.T.);
#259 = VERTEX_POINT('',#260);
#260 = CARTESIAN_POINT('',(11.5,1.,-30.75));
#261 = LINE('',#262,#263);
#262 = CARTESIAN_POINT('',(11.5,1.,-49.));
#263 = VECTOR('',#264,1.);
#264 = DIRECTION('',(0.,0.,-1.));
#265 = ORIENTED_EDGE('',*,*,#266,.F.);
#266 = EDGE_CURVE('',#250,#259,#267,.T.);
#267 = LINE('',#268,#269);
#268 = CARTESIAN_POINT('',(11.5,0.,-30.75));
#269 = VECTOR('',#270,1.);
#270 = DIRECTION('',(0.,1.,0.));
#271 = PLANE('',#272);
#272 = AXIS2_PLACEMENT_3D('',#273,#274,#275);
#273 = CARTESIAN_POINT('',(11.5,0.,-30.75));
#274 = DIRECTION('',(1.,0.,0.));
#275 = DIRECTION('',(0.,0.,-1.));
#276 = ADVANCED_FACE('',(#277),#304,.F.);
#277 = FACE_BOUND('',#278,.F.);
#278 = EDGE_LOOP('',(#279,#289,#296,#297));
#279 = ORIENTED_EDGE('',*,*,#280,.T.);
#280 = EDGE_CURVE('',#281,#283,#285,.T.);
#281 = VERTEX_POINT('',#282);
#282 = CARTESIAN_POINT('',(11.5,0.,-27.25));
#283 = VERTEX_POINT('',#284);
#284 = CARTESIAN_POINT('',(11.5,1.,-27.25));
#285 = LINE('',#286,#287);
#286 = CARTESIAN_POINT('',(11.5,0.,-27.25));
#287 = VECTOR('',#288,1.);
#288 = DIRECTION('',(0.,1.,0.));
#289 = ORIENTED_EDGE('',*,*,#290,.T.);
#290 = EDGE_CURVE('',#283,#259,#291,.T.);
#291 = CIRCLE('',#292,1.75);
#292 = AXIS2_PLACEMENT_3D('',#293,#294,#295);
#293 = CARTESIAN_POINT('',(11.5,1.,-29.));
#294 = DIRECTION('',(0.,-1.,0.));
#295 = DIRECTION('',(1.,0.,0.));
#296 = ORIENTED_EDGE('',*,*,#266,.F.);
#297 = ORIENTED_EDGE('',*,*,#298,.T.);
#298 = EDGE_CURVE('',#250,#281,#299,.T.);
#299 = CIRCLE('',#300,1.75);
#300 = AXIS2_PLACEMENT_3D('',#301,#302,#303);
#301 = CARTESIAN_POINT('',(11.5,0.,-29.));
#302 = DIRECTION('',(-0.,1.,0.));
#303 = DIRECTION('',(1.,0.,0.));
#304 = CYLINDRICAL_SURFACE('',#305,1.75);
#305 = AXIS2_PLACEMENT_3D('',#306,#307,#308);
#306 = CARTESIAN_POINT('',(11.5,0.,-29.));
#307 = DIRECTION('',(0.,1.,0.));
#308 = DIRECTION('',(-1.,0.,-1.224646799147E-16));
#309 = ADVANCED_FACE('',(#310),#335,.T.);
#310 = FACE_BOUND('',#311,.T.);
#311 = EDGE_LOOP('',(#312,#320,#321,#329));
#312 = ORIENTED_EDGE('',*,*,#313,.F.);
#313 = EDGE_CURVE('',#281,#314,#316,.T.);
#314 = VERTEX_POINT('',#315);
#315 = CARTESIAN_POINT('',(11.5,0.,38.));
#316 = LINE('',#317,#318);
#317 = CARTESIAN_POINT('',(11.5,0.,-49.));
#318 = VECTOR('',#319,1.);
#319 = DIRECTION('',(0.,0.,1.));
#320 = ORIENTED_EDGE('',*,*,#280,.T.);
#321 = ORIENTED_EDGE('',*,*,#322,.F.);
#322 = EDGE_CURVE('',#323,#283,#325,.T.);
#323 = VERTEX_POINT('',#324);
#324 = CARTESIAN_POINT('',(11.5,1.,38.));
#325 = LINE('',#326,#327);
#326 = CARTESIAN_POINT('',(11.5,1.,-49.));
#327 = VECTOR('',#328,1.);
#328 = DIRECTION('',(0.,0.,-1.));
#329 = ORIENTED_EDGE('',*,*,#330,.F.);
#330 = EDGE_CURVE('',#314,#323,#331,.T.);
#331 = LINE('',#332,#333);
#332 = CARTESIAN_POINT('',(11.5,0.,38.));
#333 = VECTOR('',#334,1.);
#334 = DIRECTION('',(0.,1.,0.));
#335 = PLANE('',#336);
#336 = AXIS2_PLACEMENT_3D('',#337,#338,#339);
#337 = CARTESIAN_POINT('',(11.5,0.,38.));
#338 = DIRECTION('',(1.,0.,0.));
#339 = DIRECTION('',(0.,0.,-1.));
#340 = ADVANCED_FACE('',(#341),#366,.T.);
#341 = FACE_BOUND('',#342,.T.);
#342 = EDGE_LOOP('',(#343,#351,#352,#360));
#343 = ORIENTED_EDGE('',*,*,#344,.T.);
#344 = EDGE_CURVE('',#345,#314,#347,.T.);
#345 = VERTEX_POINT('',#346);
#346 = CARTESIAN_POINT('',(0.,0.,49.));
#347 = LINE('',#348,#349);
#348 = CARTESIAN_POINT('',(0.,0.,49.));
#349 = VECTOR('',#350,1.);
#350 = DIRECTION('',(0.722641857148,0.,-0.691222645967));
#351 = ORIENTED_EDGE('',*,*,#330,.T.);
#352 = ORIENTED_EDGE('',*,*,#353,.F.);
#353 = EDGE_CURVE('',#354,#323,#356,.T.);
#354 = VERTEX_POINT('',#355);
#355 = CARTESIAN_POINT('',(0.,1.,49.));
#356 = LINE('',#357,#358);
#357 = CARTESIAN_POINT('',(0.,1.,49.));
#358 = VECTOR('',#359,1.);
#359 = DIRECTION('',(0.722641857148,0.,-0.691222645967));
#360 = ORIENTED_EDGE('',*,*,#361,.F.);
#361 = EDGE_CURVE('',#345,#354,#362,.T.);
#362 = LINE('',#363,#364);
#363 = CARTESIAN_POINT('',(0.,0.,49.));
#364 = VECTOR('',#365,1.);
#365 = DIRECTION('',(0.,1.,0.));
#366 = PLANE('',#367);
#367 = AXIS2_PLACEMENT_3D('',#368,#369,#370);
#368 = CARTESIAN_POINT('',(0.,0.,49.));
#369 = DIRECTION('',(0.691222645967,0.,0.722641857148));
#370 = DIRECTION('',(0.722641857148,0.,-0.691222645967));
#371 = ADVANCED_FACE('',(#372),#388,.T.);
#372 = FACE_BOUND('',#373,.T.);
#373 = EDGE_LOOP('',(#374,#380,#381,#387));
#374 = ORIENTED_EDGE('',*,*,#375,.T.);
#375 = EDGE_CURVE('',#115,#345,#376,.T.);
#376 = LINE('',#377,#378);
#377 = CARTESIAN_POINT('',(-11.5,0.,38.));
#378 = VECTOR('',#379,1.);
#379 = DIRECTION('',(0.722641857148,0.,0.691222645967));
#380 = ORIENTED_EDGE('',*,*,#361,.T.);
#381 = ORIENTED_EDGE('',*,*,#382,.F.);
#382 = EDGE_CURVE('',#125,#354,#383,.T.);
#383 = LINE('',#384,#385);
#384 = CARTESIAN_POINT('',(-11.5,1.,38.));
#385 = VECTOR('',#386,1.);
#386 = DIRECTION('',(0.722641857148,0.,0.691222645967));
#387 = ORIENTED_EDGE('',*,*,#124,.F.);
#388 = PLANE('',#389);
#389 = AXIS2_PLACEMENT_3D('',#390,#391,#392);
#390 = CARTESIAN_POINT('',(-11.5,0.,38.));
#391 = DIRECTION('',(-0.691222645967,0.,0.722641857148));
#392 = DIRECTION('',(0.722641857148,0.,0.691222645967));
#393 = ADVANCED_FACE('',(#394),#405,.T.);
#394 = FACE_BOUND('',#395,.T.);
#395 = EDGE_LOOP('',(#396,#397,#398,#399,#400,#401,#402,#403,#404));
#396 = ORIENTED_EDGE('',*,*,#382,.T.);
#397 = ORIENTED_EDGE('',*,*,#353,.T.);
#398 = ORIENTED_EDGE('',*,*,#322,.T.);
#399 = ORIENTED_EDGE('',*,*,#290,.T.);
#400 = ORIENTED_EDGE('',*,*,#258,.T.);
#401 = ORIENTED_EDGE('',*,*,#227,.T.);
#402 = ORIENTED_EDGE('',*,*,#196,.T.);
#403 = ORIENTED_EDGE('',*,*,#164,.T.);
#404 = ORIENTED_EDGE('',*,*,#132,.T.);
#405 = PLANE('',#406);
#406 = AXIS2_PLACEMENT_3D('',#407,#408,#409);
#407 = CARTESIAN_POINT('',(0.,1.,0.));
#408 = DIRECTION('',(0.,1.,0.));
#409 = DIRECTION('',(1.,0.,0.));
#410 = ADVANCED_FACE('',(#411),#422,.F.);
#411 = FACE_BOUND('',#412,.T.);
#412 = EDGE_LOOP('',(#413,#414,#415,#416,#417,#418,#419,#420,#421));
#413 = ORIENTED_EDGE('',*,*,#375,.F.);
#414 = ORIENTED_EDGE('',*,*,#114,.T.);
#415 = ORIENTED_EDGE('',*,*,#172,.T.);
#416 = ORIENTED_EDGE('',*,*,#187,.T.);
#417 = ORIENTED_EDGE('',*,*,#218,.T.);
#418 = ORIENTED_EDGE('',*,*,#249,.T.);
#419 = ORIENTED_EDGE('',*,*,#298,.T.);
#420 = ORIENTED_EDGE('',*,*,#313,.T.);
#421 = ORIENTED_EDGE('',*,*,#344,.F.);
#422 = PLANE('',#423);
#423 = AXIS2_PLACEMENT_3D('',#424,#425,#426);
#424 = CARTESIAN_POINT('',(0.,0.,0.));
#425 = DIRECTION('',(0.,1.,0.));
#426 = DIRECTION('',(1.,0.,0.));
#427 = ( GEOMETRIC_REPRESENTATION_CONTEXT(3) 
GLOBAL_UNCERTAINTY_ASSIGNED_CONTEXT((#431)) GLOBAL_UNIT_ASSIGNED_CONTEXT
((#428,#429,#430)) REPRESENTATION_CONTEXT('Context #1',
  '3D Context with UNIT and UNCERTAINTY') );
#428 = ( LENGTH_UNIT() NAMED_UNIT(*) SI_UNIT(.MILLI.,.METRE.) );
#429 = ( NAMED_UNIT(*) PLANE_ANGLE_UNIT() SI_UNIT($,.RADIAN.) );
#430 = ( NAMED_UNIT(*) SI_UNIT($,.STERADIAN.) SOLID_ANGLE_UNIT() );
#431 = UNCERTAINTY_MEASURE_WITH_UNIT(LENGTH_MEASURE(1.E-07),#428,
  'distance_accuracy_value','confusion accuracy');
#432 = CONTEXT_DEPENDENT_SHAPE_REPRESENTATION(#433,#435);
#433 = ( REPRESENTATION_RELATIONSHIP('','',#107,#32) 
REPRESENTATION_RELATIONSHIP_WITH_TRANSFORMATION(#434) 
SHAPE_REPRESENTATION_RELATIONSHIP() );
#434 = ITEM_DEFINED_TRANSFORMATION('','',#11,#33);
#435 = PRODUCT_DEFINITION_SHAPE('Placement','Placement of an item',#436
  );
#436 = NEXT_ASSEMBLY_USAGE_OCCURRENCE('1','COMPOUND','',#27,#102,$);
#437 = PRODUCT_RELATED_PRODUCT_CATEGORY('part',$,(#104));
#438 = SHAPE_DEFINITION_REPRESENTATION(#439,#445);
#439 = PRODUCT_DEFINITION_SHAPE('','',#440);
#440 = PRODUCT_DEFINITION('design','',#441,#444);
#441 = PRODUCT_DEFINITION_FORMATION('','',#442);
#442 = PRODUCT('COMPOUND001','COMPOUND001','',(#443));
#443 = PRODUCT_CONTEXT('',#2,'mechanical');
#444 = PRODUCT_DEFINITION_CONTEXT('part definition',#2,'design');
#445 = ADVANCED_BREP_SHAPE_REPRESENTATION('',(#11,#446),#787);
#446 = MANIFOLD_SOLID_BREP('',#447);
#447 = CLOSED_SHELL('',(#448,#500,#531,#555,#580,#597,#609,#661,#692,
    #716,#740,#758,#770));
#448 = ADVANCED_FACE('',(#449,#484),#495,.F.);
#449 = FACE_BOUND('',#450,.T.);
#450 = EDGE_LOOP('',(#451,#461,#469,#477));
#451 = ORIENTED_EDGE('',*,*,#452,.F.);
#452 = EDGE_CURVE('',#453,#455,#457,.T.);
#453 = VERTEX_POINT('',#454);
#454 = CARTESIAN_POINT('',(1.1,1.,-27.5));
#455 = VERTEX_POINT('',#456);
#456 = CARTESIAN_POINT('',(1.1,1.6,-27.5));
#457 = LINE('',#458,#459);
#458 = CARTESIAN_POINT('',(1.1,1.,-27.5));
#459 = VECTOR('',#460,1.);
#460 = DIRECTION('',(0.,1.,0.));
#461 = ORIENTED_EDGE('',*,*,#462,.F.);
#462 = EDGE_CURVE('',#463,#453,#465,.T.);
#463 = VERTEX_POINT('',#464);
#464 = CARTESIAN_POINT('',(-1.E-01,1.,-27.5));
#465 = LINE('',#466,#467);
#466 = CARTESIAN_POINT('',(-1.E-01,1.,-27.5));
#467 = VECTOR('',#468,1.);
#468 = DIRECTION('',(1.,0.,0.));
#469 = ORIENTED_EDGE('',*,*,#470,.F.);
#470 = EDGE_CURVE('',#471,#463,#473,.T.);
#471 = VERTEX_POINT('',#472);
#472 = CARTESIAN_POINT('',(-1.E-01,1.6,-27.5));
#473 = LINE('',#474,#475);
#474 = CARTESIAN_POINT('',(-1.E-01,1.6,-27.5));
#475 = VECTOR('',#476,1.);
#476 = DIRECTION('',(0.,-1.,0.));
#477 = ORIENTED_EDGE('',*,*,#478,.F.);
#478 = EDGE_CURVE('',#455,#471,#479,.T.);
#479 = CIRCLE('',#480,0.6);
#480 = AXIS2_PLACEMENT_3D('',#481,#482,#483);
#481 = CARTESIAN_POINT('',(0.5,1.6,-27.5));
#482 = DIRECTION('',(0.,0.,1.));
#483 = DIRECTION('',(1.,0.,-0.));
#484 = FACE_BOUND('',#485,.T.);
#485 = EDGE_LOOP('',(#486));
#486 = ORIENTED_EDGE('',*,*,#487,.T.);
#487 = EDGE_CURVE('',#488,#488,#490,.T.);
#488 = VERTEX_POINT('',#489);
#489 = CARTESIAN_POINT('',(1.05,1.6,-27.5));
#490 = CIRCLE('',#491,0.55);
#491 = AXIS2_PLACEMENT_3D('',#492,#493,#494);
#492 = CARTESIAN_POINT('',(0.5,1.6,-27.5));
#493 = DIRECTION('',(0.,0.,1.));
#494 = DIRECTION('',(-1.,0.,0.));
#495 = PLANE('',#496);
#496 = AXIS2_PLACEMENT_3D('',#497,#498,#499);
#497 = CARTESIAN_POINT('',(0.5,1.6,-27.5));
#498 = DIRECTION('',(0.,0.,1.));
#499 = DIRECTION('',(1.,0.,-0.));
#500 = ADVANCED_FACE('',(#501),#526,.T.);
#501 = FACE_BOUND('',#502,.T.);
#502 = EDGE_LOOP('',(#503,#504,#512,#520));
#503 = ORIENTED_EDGE('',*,*,#462,.T.);
#504 = ORIENTED_EDGE('',*,*,#505,.T.);
#505 = EDGE_CURVE('',#453,#506,#508,.T.);
#506 = VERTEX_POINT('',#507);
#507 = CARTESIAN_POINT('',(1.1,1.,-27.));
#508 = LINE('',#509,#510);
#509 = CARTESIAN_POINT('',(1.1,1.,-27.5));
#510 = VECTOR('',#511,1.);
#511 = DIRECTION('',(0.,0.,1.));
#512 = ORIENTED_EDGE('',*,*,#513,.F.);
#513 = EDGE_CURVE('',#514,#506,#516,.T.);
#514 = VERTEX_POINT('',#515);
#515 = CARTESIAN_POINT('',(-1.E-01,1.,-27.));
#516 = LINE('',#517,#518);
#517 = CARTESIAN_POINT('',(-1.E-01,1.,-27.));
#518 = VECTOR('',#519,1.);
#519 = DIRECTION('',(1.,0.,0.));
#520 = ORIENTED_EDGE('',*,*,#521,.F.);
#521 = EDGE_CURVE('',#463,#514,#522,.T.);
#522 = LINE('',#523,#524);
#523 = CARTESIAN_POINT('',(-1.E-01,1.,-27.5));
#524 = VECTOR('',#525,1.);
#525 = DIRECTION('',(0.,0.,1.));
#526 = PLANE('',#527);
#527 = AXIS2_PLACEMENT_3D('',#528,#529,#530);
#528 = CARTESIAN_POINT('',(-1.E-01,1.,-27.5));
#529 = DIRECTION('',(0.,-1.,0.));
#530 = DIRECTION('',(1.,0.,0.));
#531 = ADVANCED_FACE('',(#532),#550,.T.);
#532 = FACE_BOUND('',#533,.T.);
#533 = EDGE_LOOP('',(#534,#535,#536,#544));
#534 = ORIENTED_EDGE('',*,*,#470,.T.);
#535 = ORIENTED_EDGE('',*,*,#521,.T.);
#536 = ORIENTED_EDGE('',*,*,#537,.F.);
#537 = EDGE_CURVE('',#538,#514,#540,.T.);
#538 = VERTEX_POINT('',#539);
#539 = CARTESIAN_POINT('',(-1.E-01,1.6,-27.));
#540 = LINE('',#541,#542);
#541 = CARTESIAN_POINT('',(-1.E-01,1.6,-27.));
#542 = VECTOR('',#543,1.);
#543 = DIRECTION('',(0.,-1.,0.));
#544 = ORIENTED_EDGE('',*,*,#545,.F.);
#545 = EDGE_CURVE('',#471,#538,#546,.T.);
#546 = LINE('',#547,#548);
#547 = CARTESIAN_POINT('',(-1.E-01,1.6,-27.5));
#548 = VECTOR('',#549,1.);
#549 = DIRECTION('',(0.,0.,1.));
#550 = PLANE('',#551);
#551 = AXIS2_PLACEMENT_3D('',#552,#553,#554);
#552 = CARTESIAN_POINT('',(-1.E-01,1.6,-27.5));
#553 = DIRECTION('',(-1.,0.,0.));
#554 = DIRECTION('',(0.,-1.,0.));
#555 = ADVANCED_FACE('',(#556),#575,.T.);
#556 = FACE_BOUND('',#557,.T.);
#557 = EDGE_LOOP('',(#558,#559,#560,#569));
#558 = ORIENTED_EDGE('',*,*,#478,.T.);
#559 = ORIENTED_EDGE('',*,*,#545,.T.);
#560 = ORIENTED_EDGE('',*,*,#561,.F.);
#561 = EDGE_CURVE('',#562,#538,#564,.T.);
#562 = VERTEX_POINT('',#563);
#563 = CARTESIAN_POINT('',(1.1,1.6,-27.));
#564 = CIRCLE('',#565,0.6);
#565 = AXIS2_PLACEMENT_3D('',#566,#567,#568);
#566 = CARTESIAN_POINT('',(0.5,1.6,-27.));
#567 = DIRECTION('',(0.,0.,1.));
#568 = DIRECTION('',(1.,0.,-0.));
#569 = ORIENTED_EDGE('',*,*,#570,.F.);
#570 = EDGE_CURVE('',#455,#562,#571,.T.);
#571 = LINE('',#572,#573);
#572 = CARTESIAN_POINT('',(1.1,1.6,-27.5));
#573 = VECTOR('',#574,1.);
#574 = DIRECTION('',(0.,0.,1.));
#575 = CYLINDRICAL_SURFACE('',#576,0.6);
#576 = AXIS2_PLACEMENT_3D('',#577,#578,#579);
#577 = CARTESIAN_POINT('',(0.5,1.6,-27.5));
#578 = DIRECTION('',(0.,0.,1.));
#579 = DIRECTION('',(1.,0.,-0.));
#580 = ADVANCED_FACE('',(#581),#592,.T.);
#581 = FACE_BOUND('',#582,.T.);
#582 = EDGE_LOOP('',(#583,#584,#585,#591));
#583 = ORIENTED_EDGE('',*,*,#452,.T.);
#584 = ORIENTED_EDGE('',*,*,#570,.T.);
#585 = ORIENTED_EDGE('',*,*,#586,.F.);
#586 = EDGE_CURVE('',#506,#562,#587,.T.);
#587 = LINE('',#588,#589);
#588 = CARTESIAN_POINT('',(1.1,1.,-27.));
#589 = VECTOR('',#590,1.);
#590 = DIRECTION('',(0.,1.,0.));
#591 = ORIENTED_EDGE('',*,*,#505,.F.);
#592 = PLANE('',#593);
#593 = AXIS2_PLACEMENT_3D('',#594,#595,#596);
#594 = CARTESIAN_POINT('',(1.1,1.,-27.5));
#595 = DIRECTION('',(1.,0.,0.));
#596 = DIRECTION('',(-0.,1.,0.));
#597 = ADVANCED_FACE('',(#598),#604,.T.);
#598 = FACE_BOUND('',#599,.T.);
#599 = EDGE_LOOP('',(#600,#601,#602,#603));
#600 = ORIENTED_EDGE('',*,*,#586,.T.);
#601 = ORIENTED_EDGE('',*,*,#561,.T.);
#602 = ORIENTED_EDGE('',*,*,#537,.T.);
#603 = ORIENTED_EDGE('',*,*,#513,.T.);
#604 = PLANE('',#605);
#605 = AXIS2_PLACEMENT_3D('',#606,#607,#608);
#606 = CARTESIAN_POINT('',(0.5,1.6,-27.));
#607 = DIRECTION('',(0.,0.,1.));
#608 = DIRECTION('',(1.,0.,-0.));
#609 = ADVANCED_FACE('',(#610,#645),#656,.F.);
#610 = FACE_BOUND('',#611,.T.);
#611 = EDGE_LOOP('',(#612,#623,#631,#639));
#612 = ORIENTED_EDGE('',*,*,#613,.F.);
#613 = EDGE_CURVE('',#614,#616,#618,.T.);
#614 = VERTEX_POINT('',#615);
#615 = CARTESIAN_POINT('',(-1.E-01,1.6,-30.));
#616 = VERTEX_POINT('',#617);
#617 = CARTESIAN_POINT('',(1.1,1.6,-30.));
#618 = CIRCLE('',#619,0.6);
#619 = AXIS2_PLACEMENT_3D('',#620,#621,#622);
#620 = CARTESIAN_POINT('',(0.5,1.6,-30.));
#621 = DIRECTION('',(0.,0.,-1.));
#622 = DIRECTION('',(-1.,0.,0.));
#623 = ORIENTED_EDGE('',*,*,#624,.T.);
#624 = EDGE_CURVE('',#614,#625,#627,.T.);
#625 = VERTEX_POINT('',#626);
#626 = CARTESIAN_POINT('',(-1.E-01,1.,-30.));
#627 = LINE('',#628,#629);
#628 = CARTESIAN_POINT('',(-1.E-01,1.6,-30.));
#629 = VECTOR('',#630,1.);
#630 = DIRECTION('',(0.,-1.,0.));
#631 = ORIENTED_EDGE('',*,*,#632,.T.);
#632 = EDGE_CURVE('',#625,#633,#635,.T.);
#633 = VERTEX_POINT('',#634);
#634 = CARTESIAN_POINT('',(1.1,1.,-30.));
#635 = LINE('',#636,#637);
#636 = CARTESIAN_POINT('',(0.,1.,-30.));
#637 = VECTOR('',#638,1.);
#638 = DIRECTION('',(1.,0.,0.));
#639 = ORIENTED_EDGE('',*,*,#640,.T.);
#640 = EDGE_CURVE('',#633,#616,#641,.T.);
#641 = LINE('',#642,#643);
#642 = CARTESIAN_POINT('',(1.1,1.,-30.));
#643 = VECTOR('',#644,1.);
#644 = DIRECTION('',(0.,1.,0.));
#645 = FACE_BOUND('',#646,.T.);
#646 = EDGE_LOOP('',(#647));
#647 = ORIENTED_EDGE('',*,*,#648,.T.);
#648 = EDGE_CURVE('',#649,#649,#651,.T.);
#649 = VERTEX_POINT('',#650);
#650 = CARTESIAN_POINT('',(1.05,1.6,-30.));
#651 = CIRCLE('',#652,0.55);
#652 = AXIS2_PLACEMENT_3D('',#653,#654,#655);
#653 = CARTESIAN_POINT('',(0.5,1.6,-30.));
#654 = DIRECTION('',(0.,0.,-1.));
#655 = DIRECTION('',(-1.,0.,0.));
#656 = PLANE('',#657);
#657 = AXIS2_PLACEMENT_3D('',#658,#659,#660);
#658 = CARTESIAN_POINT('',(0.5,1.6,-30.));
#659 = DIRECTION('',(0.,0.,-1.));
#660 = DIRECTION('',(-1.,0.,0.));
#661 = ADVANCED_FACE('',(#662),#687,.T.);
#662 = FACE_BOUND('',#663,.T.);
#663 = EDGE_LOOP('',(#664,#665,#673,#681));
#664 = ORIENTED_EDGE('',*,*,#624,.F.);
#665 = ORIENTED_EDGE('',*,*,#666,.T.);
#666 = EDGE_CURVE('',#614,#667,#669,.T.);
#667 = VERTEX_POINT('',#668);
#668 = CARTESIAN_POINT('',(-1.E-01,1.6,-30.5));
#669 = LINE('',#670,#671);
#670 = CARTESIAN_POINT('',(-1.E-01,1.6,-30.));
#671 = VECTOR('',#672,1.);
#672 = DIRECTION('',(0.,0.,-1.));
#673 = ORIENTED_EDGE('',*,*,#674,.F.);
#674 = EDGE_CURVE('',#675,#667,#677,.T.);
#675 = VERTEX_POINT('',#676);
#676 = CARTESIAN_POINT('',(-1.E-01,1.,-30.5));
#677 = LINE('',#678,#679);
#678 = CARTESIAN_POINT('',(-1.E-01,1.6,-30.5));
#679 = VECTOR('',#680,1.);
#680 = DIRECTION('',(0.,1.,0.));
#681 = ORIENTED_EDGE('',*,*,#682,.F.);
#682 = EDGE_CURVE('',#625,#675,#683,.T.);
#683 = LINE('',#684,#685);
#684 = CARTESIAN_POINT('',(-1.E-01,1.,-30.));
#685 = VECTOR('',#686,1.);
#686 = DIRECTION('',(0.,0.,-1.));
#687 = PLANE('',#688);
#688 = AXIS2_PLACEMENT_3D('',#689,#690,#691);
#689 = CARTESIAN_POINT('',(-1.E-01,1.,-30.));
#690 = DIRECTION('',(-1.,0.,0.));
#691 = DIRECTION('',(0.,1.,0.));
#692 = ADVANCED_FACE('',(#693),#711,.T.);
#693 = FACE_BOUND('',#694,.T.);
#694 = EDGE_LOOP('',(#695,#696,#697,#705));
#695 = ORIENTED_EDGE('',*,*,#632,.F.);
#696 = ORIENTED_EDGE('',*,*,#682,.T.);
#697 = ORIENTED_EDGE('',*,*,#698,.F.);
#698 = EDGE_CURVE('',#699,#675,#701,.T.);
#699 = VERTEX_POINT('',#700);
#700 = CARTESIAN_POINT('',(1.1,1.,-30.5));
#701 = LINE('',#702,#703);
#702 = CARTESIAN_POINT('',(0.,1.,-30.5));
#703 = VECTOR('',#704,1.);
#704 = DIRECTION('',(-1.,0.,0.));
#705 = ORIENTED_EDGE('',*,*,#706,.F.);
#706 = EDGE_CURVE('',#633,#699,#707,.T.);
#707 = LINE('',#708,#709);
#708 = CARTESIAN_POINT('',(1.1,1.,-30.));
#709 = VECTOR('',#710,1.);
#710 = DIRECTION('',(0.,0.,-1.));
#711 = PLANE('',#712);
#712 = AXIS2_PLACEMENT_3D('',#713,#714,#715);
#713 = CARTESIAN_POINT('',(1.1,1.,-30.));
#714 = DIRECTION('',(0.,-1.,0.));
#715 = DIRECTION('',(-1.,0.,0.));
#716 = ADVANCED_FACE('',(#717),#735,.T.);
#717 = FACE_BOUND('',#718,.T.);
#718 = EDGE_LOOP('',(#719,#720,#721,#729));
#719 = ORIENTED_EDGE('',*,*,#640,.F.);
#720 = ORIENTED_EDGE('',*,*,#706,.T.);
#721 = ORIENTED_EDGE('',*,*,#722,.F.);
#722 = EDGE_CURVE('',#723,#699,#725,.T.);
#723 = VERTEX_POINT('',#724);
#724 = CARTESIAN_POINT('',(1.1,1.6,-30.5));
#725 = LINE('',#726,#727);
#726 = CARTESIAN_POINT('',(1.1,1.,-30.5));
#727 = VECTOR('',#728,1.);
#728 = DIRECTION('',(0.,-1.,0.));
#729 = ORIENTED_EDGE('',*,*,#730,.F.);
#730 = EDGE_CURVE('',#616,#723,#731,.T.);
#731 = LINE('',#732,#733);
#732 = CARTESIAN_POINT('',(1.1,1.6,-30.));
#733 = VECTOR('',#734,1.);
#734 = DIRECTION('',(0.,0.,-1.));
#735 = PLANE('',#736);
#736 = AXIS2_PLACEMENT_3D('',#737,#738,#739);
#737 = CARTESIAN_POINT('',(1.1,1.6,-30.));
#738 = DIRECTION('',(1.,0.,0.));
#739 = DIRECTION('',(0.,-1.,0.));
#740 = ADVANCED_FACE('',(#741),#753,.T.);
#741 = FACE_BOUND('',#742,.T.);
#742 = EDGE_LOOP('',(#743,#744,#745,#752));
#743 = ORIENTED_EDGE('',*,*,#613,.T.);
#744 = ORIENTED_EDGE('',*,*,#730,.T.);
#745 = ORIENTED_EDGE('',*,*,#746,.F.);
#746 = EDGE_CURVE('',#667,#723,#747,.T.);
#747 = CIRCLE('',#748,0.6);
#748 = AXIS2_PLACEMENT_3D('',#749,#750,#751);
#749 = CARTESIAN_POINT('',(0.5,1.6,-30.5));
#750 = DIRECTION('',(0.,0.,-1.));
#751 = DIRECTION('',(-1.,0.,0.));
#752 = ORIENTED_EDGE('',*,*,#666,.F.);
#753 = CYLINDRICAL_SURFACE('',#754,0.6);
#754 = AXIS2_PLACEMENT_3D('',#755,#756,#757);
#755 = CARTESIAN_POINT('',(0.5,1.6,-30.));
#756 = DIRECTION('',(0.,0.,-1.));
#757 = DIRECTION('',(-1.,0.,0.));
#758 = ADVANCED_FACE('',(#759),#765,.T.);
#759 = FACE_BOUND('',#760,.T.);
#760 = EDGE_LOOP('',(#761,#762,#763,#764));
#761 = ORIENTED_EDGE('',*,*,#746,.T.);
#762 = ORIENTED_EDGE('',*,*,#722,.T.);
#763 = ORIENTED_EDGE('',*,*,#698,.T.);
#764 = ORIENTED_EDGE('',*,*,#674,.T.);
#765 = PLANE('',#766);
#766 = AXIS2_PLACEMENT_3D('',#767,#768,#769);
#767 = CARTESIAN_POINT('',(0.5,1.6,-30.5));
#768 = DIRECTION('',(0.,0.,-1.));
#769 = DIRECTION('',(-1.,0.,0.));
#770 = ADVANCED_FACE('',(#771),#782,.T.);
#771 = FACE_BOUND('',#772,.T.);
#772 = EDGE_LOOP('',(#773,#774,#780,#781));
#773 = ORIENTED_EDGE('',*,*,#648,.F.);
#774 = ORIENTED_EDGE('',*,*,#775,.T.);
#775 = EDGE_CURVE('',#649,#488,#776,.T.);
#776 = LINE('',#777,#778);
#777 = CARTESIAN_POINT('',(1.05,1.6,-30.));
#778 = VECTOR('',#779,1.);
#779 = DIRECTION('',(0.,0.,1.));
#780 = ORIENTED_EDGE('',*,*,#487,.F.);
#781 = ORIENTED_EDGE('',*,*,#775,.F.);
#782 = CYLINDRICAL_SURFACE('',#783,0.55);
#783 = AXIS2_PLACEMENT_3D('',#784,#785,#786);
#784 = CARTESIAN_POINT('',(0.5,1.6,-30.));
#785 = DIRECTION('',(0.,0.,1.));
#786 = DIRECTION('',(-1.,0.,0.));
#787 = ( GEOMETRIC_REPRESENTATION_CONTEXT(3) 
GLOBAL_UNCERTAINTY_ASSIGNED_CONTEXT((#791)) GLOBAL_UNIT_ASSIGNED_CONTEXT
((#788,#789,#790)) REPRESENTATION_CONTEXT('Context #1',
  '3D Context with UNIT and UNCERTAINTY') );
#788 = ( LENGTH_UNIT() NAMED_UNIT(*) SI_UNIT(.MILLI.,.METRE.) );
#789 = ( NAMED_UNIT(*) PLANE_ANGLE_UNIT() SI_UNIT($,.RADIAN.) );
#790 = ( NAMED_UNIT(*) SI_UNIT($,.STERADIAN.) SOLID_ANGLE_UNIT() );
#791 = UNCERTAINTY_MEASURE_WITH_UNIT(LENGTH_MEASURE(1.E-07),#788,
  'distance_accuracy_value','confusion accuracy');
#792 = CONTEXT_DEPENDENT_SHAPE_REPRESENTATION(#793,#795);
#793 = ( REPRESENTATION_RELATIONSHIP('','',#445,#32) 
REPRESENTATION_RELATIONSHIP_WITH_TRANSFORMATION(#794) 
SHAPE_REPRESENTATION_RELATIONSHIP() );
#794 = ITEM_DEFINED_TRANSFORMATION('','',#11,#37);
#795 = PRODUCT_DEFINITION_SHAPE('Placement','Placement of an item',#796
  );
#796 = NEXT_ASSEMBLY_USAGE_OCCURRENCE('2','COMPOUND001','',#27,#440,$);
#797 = PRODUCT_RELATED_PRODUCT_CATEGORY('part',$,(#442));
#798 = SHAPE_DEFINITION_REPRESENTATION(#799,#805);
#799 = PRODUCT_DEFINITION_SHAPE('','',#800);
#800 = PRODUCT_DEFINITION('design','',#801,#804);
#801 = PRODUCT_DEFINITION_FORMATION('','',#802);
#802 = PRODUCT('COMPOUND002','COMPOUND002','',(#803));
#803 = PRODUCT_CONTEXT('',#2,'mechanical');
#804 = PRODUCT_DEFINITION_CONTEXT('part definition',#2,'design');
#805 = ADVANCED_BREP_SHAPE_REPRESENTATION('',(#11,#806),#956);
#806 = MANIFOLD_SOLID_BREP('',#807);
#807 = CLOSED_SHELL('',(#808,#848,#879,#910,#932,#944));
#808 = ADVANCED_FACE('',(#809),#843,.T.);
#809 = FACE_BOUND('',#810,.T.);
#810 = EDGE_LOOP('',(#811,#821,#829,#837));
#811 = ORIENTED_EDGE('',*,*,#812,.T.);
#812 = EDGE_CURVE('',#813,#815,#817,.T.);
#813 = VERTEX_POINT('',#814);
#814 = CARTESIAN_POINT('',(-4.8,2.,-28.));
#815 = VERTEX_POINT('',#816);
#816 = CARTESIAN_POINT('',(-4.8,1.,-28.));
#817 = LINE('',#818,#819);
#818 = CARTESIAN_POINT('',(-4.8,2.,-28.));
#819 = VECTOR('',#820,1.);
#820 = DIRECTION('',(0.,-1.,0.));
#821 = ORIENTED_EDGE('',*,*,#822,.T.);
#822 = EDGE_CURVE('',#815,#823,#825,.T.);
#823 = VERTEX_POINT('',#824);
#824 = CARTESIAN_POINT('',(-4.8,1.,-30.));
#825 = LINE('',#826,#827);
#826 = CARTESIAN_POINT('',(-4.8,1.,-28.));
#827 = VECTOR('',#828,1.);
#828 = DIRECTION('',(0.,0.,-1.));
#829 = ORIENTED_EDGE('',*,*,#830,.F.);
#830 = EDGE_CURVE('',#831,#823,#833,.T.);
#831 = VERTEX_POINT('',#832);
#832 = CARTESIAN_POINT('',(-4.8,2.,-30.));
#833 = LINE('',#834,#835);
#834 = CARTESIAN_POINT('',(-4.8,2.,-30.));
#835 = VECTOR('',#836,1.);
#836 = DIRECTION('',(0.,-1.,0.));
#837 = ORIENTED_EDGE('',*,*,#838,.F.);
#838 = EDGE_CURVE('',#813,#831,#839,.T.);
#839 = LINE('',#840,#841);
#840 = CARTESIAN_POINT('',(-4.8,2.,-28.));
#841 = VECTOR('',#842,1.);
#842 = DIRECTION('',(0.,0.,-1.));
#843 = PLANE('',#844);
#844 = AXIS2_PLACEMENT_3D('',#845,#846,#847);
#845 = CARTESIAN_POINT('',(-4.8,2.,-28.));
#846 = DIRECTION('',(1.,0.,0.));
#847 = DIRECTION('',(0.,-1.,0.));
#848 = ADVANCED_FACE('',(#849),#874,.T.);
#849 = FACE_BOUND('',#850,.T.);
#850 = EDGE_LOOP('',(#851,#859,#860,#868));
#851 = ORIENTED_EDGE('',*,*,#852,.T.);
#852 = EDGE_CURVE('',#853,#813,#855,.T.);
#853 = VERTEX_POINT('',#854);
#854 = CARTESIAN_POINT('',(-6.,2.,-28.));
#855 = LINE('',#856,#857);
#856 = CARTESIAN_POINT('',(-6.,2.,-28.));
#857 = VECTOR('',#858,1.);
#858 = DIRECTION('',(1.,-2.312964634636E-16,0.));
#859 = ORIENTED_EDGE('',*,*,#838,.T.);
#860 = ORIENTED_EDGE('',*,*,#861,.F.);
#861 = EDGE_CURVE('',#862,#831,#864,.T.);
#862 = VERTEX_POINT('',#863);
#863 = CARTESIAN_POINT('',(-6.,2.,-30.));
#864 = LINE('',#865,#866);
#865 = CARTESIAN_POINT('',(-6.,2.,-30.));
#866 = VECTOR('',#867,1.);
#867 = DIRECTION('',(1.,-2.312964634636E-16,0.));
#868 = ORIENTED_EDGE('',*,*,#869,.F.);
#869 = EDGE_CURVE('',#853,#862,#870,.T.);
#870 = LINE('',#871,#872);
#871 = CARTESIAN_POINT('',(-6.,2.,-28.));
#872 = VECTOR('',#873,1.);
#873 = DIRECTION('',(0.,0.,-1.));
#874 = PLANE('',#875);
#875 = AXIS2_PLACEMENT_3D('',#876,#877,#878);
#876 = CARTESIAN_POINT('',(-6.,2.,-28.));
#877 = DIRECTION('',(2.312964634636E-16,1.,0.));
#878 = DIRECTION('',(1.,-2.312964634636E-16,0.));
#879 = ADVANCED_FACE('',(#880),#905,.T.);
#880 = FACE_BOUND('',#881,.T.);
#881 = EDGE_LOOP('',(#882,#890,#891,#899));
#882 = ORIENTED_EDGE('',*,*,#883,.T.);
#883 = EDGE_CURVE('',#884,#853,#886,.T.);
#884 = VERTEX_POINT('',#885);
#885 = CARTESIAN_POINT('',(-6.,1.,-28.));
#886 = LINE('',#887,#888);
#887 = CARTESIAN_POINT('',(-6.,1.,-28.));
#888 = VECTOR('',#889,1.);
#889 = DIRECTION('',(0.,1.,0.));
#890 = ORIENTED_EDGE('',*,*,#869,.T.);
#891 = ORIENTED_EDGE('',*,*,#892,.F.);
#892 = EDGE_CURVE('',#893,#862,#895,.T.);
#893 = VERTEX_POINT('',#894);
#894 = CARTESIAN_POINT('',(-6.,1.,-30.));
#895 = LINE('',#896,#897);
#896 = CARTESIAN_POINT('',(-6.,1.,-30.));
#897 = VECTOR('',#898,1.);
#898 = DIRECTION('',(0.,1.,0.));
#899 = ORIENTED_EDGE('',*,*,#900,.F.);
#900 = EDGE_CURVE('',#884,#893,#901,.T.);
#901 = LINE('',#902,#903);
#902 = CARTESIAN_POINT('',(-6.,1.,-28.));
#903 = VECTOR('',#904,1.);
#904 = DIRECTION('',(0.,0.,-1.));
#905 = PLANE('',#906);
#906 = AXIS2_PLACEMENT_3D('',#907,#908,#909);
#907 = CARTESIAN_POINT('',(-6.,1.,-28.));
#908 = DIRECTION('',(-1.,0.,0.));
#909 = DIRECTION('',(0.,1.,0.));
#910 = ADVANCED_FACE('',(#911),#927,.T.);
#911 = FACE_BOUND('',#912,.T.);
#912 = EDGE_LOOP('',(#913,#919,#920,#926));
#913 = ORIENTED_EDGE('',*,*,#914,.T.);
#914 = EDGE_CURVE('',#815,#884,#915,.T.);
#915 = LINE('',#916,#917);
#916 = CARTESIAN_POINT('',(-4.8,1.,-28.));
#917 = VECTOR('',#918,1.);
#918 = DIRECTION('',(-1.,0.,0.));
#919 = ORIENTED_EDGE('',*,*,#900,.T.);
#920 = ORIENTED_EDGE('',*,*,#921,.F.);
#921 = EDGE_CURVE('',#823,#893,#922,.T.);
#922 = LINE('',#923,#924);
#923 = CARTESIAN_POINT('',(-4.8,1.,-30.));
#924 = VECTOR('',#925,1.);
#925 = DIRECTION('',(-1.,0.,0.));
#926 = ORIENTED_EDGE('',*,*,#822,.F.);
#927 = PLANE('',#928);
#928 = AXIS2_PLACEMENT_3D('',#929,#930,#931);
#929 = CARTESIAN_POINT('',(-4.8,1.,-28.));
#930 = DIRECTION('',(0.,-1.,0.));
#931 = DIRECTION('',(-1.,0.,0.));
#932 = ADVANCED_FACE('',(#933),#939,.T.);
#933 = FACE_BOUND('',#934,.T.);
#934 = EDGE_LOOP('',(#935,#936,#937,#938));
#935 = ORIENTED_EDGE('',*,*,#914,.F.);
#936 = ORIENTED_EDGE('',*,*,#812,.F.);
#937 = ORIENTED_EDGE('',*,*,#852,.F.);
#938 = ORIENTED_EDGE('',*,*,#883,.F.);
#939 = PLANE('',#940);
#940 = AXIS2_PLACEMENT_3D('',#941,#942,#943);
#941 = CARTESIAN_POINT('',(-5.4,1.5,-28.));
#942 = DIRECTION('',(0.,0.,1.));
#943 = DIRECTION('',(1.,0.,-0.));
#944 = ADVANCED_FACE('',(#945),#951,.T.);
#945 = FACE_BOUND('',#946,.T.);
#946 = EDGE_LOOP('',(#947,#948,#949,#950));
#947 = ORIENTED_EDGE('',*,*,#921,.T.);
#948 = ORIENTED_EDGE('',*,*,#892,.T.);
#949 = ORIENTED_EDGE('',*,*,#861,.T.);
#950 = ORIENTED_EDGE('',*,*,#830,.T.);
#951 = PLANE('',#952);
#952 = AXIS2_PLACEMENT_3D('',#953,#954,#955);
#953 = CARTESIAN_POINT('',(-5.4,1.5,-30.));
#954 = DIRECTION('',(0.,0.,-1.));
#955 = DIRECTION('',(-1.,0.,0.));
#956 = ( GEOMETRIC_REPRESENTATION_CONTEXT(3) 
GLOBAL_UNCERTAINTY_ASSIGNED_CONTEXT((#960)) GLOBAL_UNIT_ASSIGNED_CONTEXT
((#957,#958,#959)) REPRESENTATION_CONTEXT('Context #1',
  '3D Context with UNIT and UNCERTAINTY') );
#957 = ( LENGTH_UNIT() NAMED_UNIT(*) SI_UNIT(.MILLI.,.METRE.) );
#958 = ( NAMED_UNIT(*) PLANE_ANGLE_UNIT() SI_UNIT($,.RADIAN.) );
#959 = ( NAMED_UNIT(*) SI_UNIT($,.STERADIAN.) SOLID_ANGLE_UNIT() );
#960 = UNCERTAINTY_MEASURE_WITH_UNIT(LENGTH_MEASURE(1.E-07),#957,
  'distance_accuracy_value','confusion accuracy');
#961 = CONTEXT_DEPENDENT_SHAPE_REPRESENTATION(#962,#964);
#962 = ( REPRESENTATION_RELATIONSHIP('','',#805,#32) 
REPRESENTATION_RELATIONSHIP_WITH_TRANSFORMATION(#963) 
SHAPE_REPRESENTATION_RELATIONSHIP() );
#963 = ITEM_DEFINED_TRANSFORMATION('','',#11,#41);
#964 = PRODUCT_DEFINITION_SHAPE('Placement','Placement of an item',#965
  );
#965 = NEXT_ASSEMBLY_USAGE_OCCURRENCE('3','COMPOUND002','',#27,#800,$);
#966 = PRODUCT_RELATED_PRODUCT_CATEGORY('part',$,(#802));
#967 = SHAPE_DEFINITION_REPRESENTATION(#968,#974);
#968 = PRODUCT_DEFINITION_SHAPE('','',#969);
#969 = PRODUCT_DEFINITION('design','',#970,#973);
#970 = PRODUCT_DEFINITION_FORMATION('','',#971);
#971 = PRODUCT('COMPOUND003','COMPOUND003','',(#972));
#972 = PRODUCT_CONTEXT('',#2,'mechanical');
#973 = PRODUCT_DEFINITION_CONTEXT('part definition',#2,'design');
#974 = ADVANCED_BREP_SHAPE_REPRESENTATION('',(#11,#975),#1125);
#975 = MANIFOLD_SOLID_BREP('',#976);
#976 = CLOSED_SHELL('',(#977,#1017,#1048,#1079,#1101,#1113));
#977 = ADVANCED_FACE('',(#978),#1012,.T.);
#978 = FACE_BOUND('',#979,.T.);
#979 = EDGE_LOOP('',(#980,#990,#998,#1006));
#980 = ORIENTED_EDGE('',*,*,#981,.T.);
#981 = EDGE_CURVE('',#982,#984,#986,.T.);
#982 = VERTEX_POINT('',#983);
#983 = CARTESIAN_POINT('',(-1.6,1.5,-28.));
#984 = VERTEX_POINT('',#985);
#985 = CARTESIAN_POINT('',(-1.6,1.,-28.));
#986 = LINE('',#987,#988);
#987 = CARTESIAN_POINT('',(-1.6,1.5,-28.));
#988 = VECTOR('',#989,1.);
#989 = DIRECTION('',(2.22044604925E-15,-1.,0.));
#990 = ORIENTED_EDGE('',*,*,#991,.T.);
#991 = EDGE_CURVE('',#984,#992,#994,.T.);
#992 = VERTEX_POINT('',#993);
#993 = CARTESIAN_POINT('',(-1.6,1.,-30.));
#994 = LINE('',#995,#996);
#995 = CARTESIAN_POINT('',(-1.6,1.,-28.));
#996 = VECTOR('',#997,1.);
#997 = DIRECTION('',(0.,0.,-1.));
#998 = ORIENTED_EDGE('',*,*,#999,.F.);
#999 = EDGE_CURVE('',#1000,#992,#1002,.T.);
#1000 = VERTEX_POINT('',#1001);
#1001 = CARTESIAN_POINT('',(-1.6,1.5,-30.));
#1002 = LINE('',#1003,#1004);
#1003 = CARTESIAN_POINT('',(-1.6,1.5,-30.));
#1004 = VECTOR('',#1005,1.);
#1005 = DIRECTION('',(2.22044604925E-15,-1.,0.));
#1006 = ORIENTED_EDGE('',*,*,#1007,.F.);
#1007 = EDGE_CURVE('',#982,#1000,#1008,.T.);
#1008 = LINE('',#1009,#1010);
#1009 = CARTESIAN_POINT('',(-1.6,1.5,-28.));
#1010 = VECTOR('',#1011,1.);
#1011 = DIRECTION('',(0.,0.,-1.));
#1012 = PLANE('',#1013);
#1013 = AXIS2_PLACEMENT_3D('',#1014,#1015,#1016);
#1014 = CARTESIAN_POINT('',(-1.6,1.5,-28.));
#1015 = DIRECTION('',(1.,2.22044604925E-15,0.));
#1016 = DIRECTION('',(2.22044604925E-15,-1.,0.));
#1017 = ADVANCED_FACE('',(#1018),#1043,.T.);
#1018 = FACE_BOUND('',#1019,.T.);
#1019 = EDGE_LOOP('',(#1020,#1028,#1029,#1037));
#1020 = ORIENTED_EDGE('',*,*,#1021,.T.);
#1021 = EDGE_CURVE('',#1022,#982,#1024,.T.);
#1022 = VERTEX_POINT('',#1023);
#1023 = CARTESIAN_POINT('',(-2.8,1.5,-28.));
#1024 = LINE('',#1025,#1026);
#1025 = CARTESIAN_POINT('',(-2.8,1.5,-28.));
#1026 = VECTOR('',#1027,1.);
#1027 = DIRECTION('',(1.,0.,0.));
#1028 = ORIENTED_EDGE('',*,*,#1007,.T.);
#1029 = ORIENTED_EDGE('',*,*,#1030,.F.);
#1030 = EDGE_CURVE('',#1031,#1000,#1033,.T.);
#1031 = VERTEX_POINT('',#1032);
#1032 = CARTESIAN_POINT('',(-2.8,1.5,-30.));
#1033 = LINE('',#1034,#1035);
#1034 = CARTESIAN_POINT('',(-2.8,1.5,-30.));
#1035 = VECTOR('',#1036,1.);
#1036 = DIRECTION('',(1.,0.,0.));
#1037 = ORIENTED_EDGE('',*,*,#1038,.F.);
#1038 = EDGE_CURVE('',#1022,#1031,#1039,.T.);
#1039 = LINE('',#1040,#1041);
#1040 = CARTESIAN_POINT('',(-2.8,1.5,-28.));
#1041 = VECTOR('',#1042,1.);
#1042 = DIRECTION('',(0.,0.,-1.));
#1043 = PLANE('',#1044);
#1044 = AXIS2_PLACEMENT_3D('',#1045,#1046,#1047);
#1045 = CARTESIAN_POINT('',(-2.8,1.5,-28.));
#1046 = DIRECTION('',(0.,1.,0.));
#1047 = DIRECTION('',(1.,0.,0.));
#1048 = ADVANCED_FACE('',(#1049),#1074,.T.);
#1049 = FACE_BOUND('',#1050,.T.);
#1050 = EDGE_LOOP('',(#1051,#1059,#1060,#1068));
#1051 = ORIENTED_EDGE('',*,*,#1052,.T.);
#1052 = EDGE_CURVE('',#1053,#1022,#1055,.T.);
#1053 = VERTEX_POINT('',#1054);
#1054 = CARTESIAN_POINT('',(-2.8,1.,-28.));
#1055 = LINE('',#1056,#1057);
#1056 = CARTESIAN_POINT('',(-2.8,1.,-28.));
#1057 = VECTOR('',#1058,1.);
#1058 = DIRECTION('',(0.,1.,0.));
#1059 = ORIENTED_EDGE('',*,*,#1038,.T.);
#1060 = ORIENTED_EDGE('',*,*,#1061,.F.);
#1061 = EDGE_CURVE('',#1062,#1031,#1064,.T.);
#1062 = VERTEX_POINT('',#1063);
#1063 = CARTESIAN_POINT('',(-2.8,1.,-30.));
#1064 = LINE('',#1065,#1066);
#1065 = CARTESIAN_POINT('',(-2.8,1.,-30.));
#1066 = VECTOR('',#1067,1.);
#1067 = DIRECTION('',(0.,1.,0.));
#1068 = ORIENTED_EDGE('',*,*,#1069,.F.);
#1069 = EDGE_CURVE('',#1053,#1062,#1070,.T.);
#1070 = LINE('',#1071,#1072);
#1071 = CARTESIAN_POINT('',(-2.8,1.,-28.));
#1072 = VECTOR('',#1073,1.);
#1073 = DIRECTION('',(0.,0.,-1.));
#1074 = PLANE('',#1075);
#1075 = AXIS2_PLACEMENT_3D('',#1076,#1077,#1078);
#1076 = CARTESIAN_POINT('',(-2.8,1.,-28.));
#1077 = DIRECTION('',(-1.,0.,0.));
#1078 = DIRECTION('',(0.,1.,0.));
#1079 = ADVANCED_FACE('',(#1080),#1096,.T.);
#1080 = FACE_BOUND('',#1081,.T.);
#1081 = EDGE_LOOP('',(#1082,#1088,#1089,#1095));
#1082 = ORIENTED_EDGE('',*,*,#1083,.T.);
#1083 = EDGE_CURVE('',#984,#1053,#1084,.T.);
#1084 = LINE('',#1085,#1086);
#1085 = CARTESIAN_POINT('',(-1.6,1.,-28.));
#1086 = VECTOR('',#1087,1.);
#1087 = DIRECTION('',(-1.,0.,0.));
#1088 = ORIENTED_EDGE('',*,*,#1069,.T.);
#1089 = ORIENTED_EDGE('',*,*,#1090,.F.);
#1090 = EDGE_CURVE('',#992,#1062,#1091,.T.);
#1091 = LINE('',#1092,#1093);
#1092 = CARTESIAN_POINT('',(-1.6,1.,-30.));
#1093 = VECTOR('',#1094,1.);
#1094 = DIRECTION('',(-1.,0.,0.));
#1095 = ORIENTED_EDGE('',*,*,#991,.F.);
#1096 = PLANE('',#1097);
#1097 = AXIS2_PLACEMENT_3D('',#1098,#1099,#1100);
#1098 = CARTESIAN_POINT('',(-1.6,1.,-28.));
#1099 = DIRECTION('',(0.,-1.,0.));
#1100 = DIRECTION('',(-1.,0.,0.));
#1101 = ADVANCED_FACE('',(#1102),#1108,.T.);
#1102 = FACE_BOUND('',#1103,.T.);
#1103 = EDGE_LOOP('',(#1104,#1105,#1106,#1107));
#1104 = ORIENTED_EDGE('',*,*,#1083,.F.);
#1105 = ORIENTED_EDGE('',*,*,#981,.F.);
#1106 = ORIENTED_EDGE('',*,*,#1021,.F.);
#1107 = ORIENTED_EDGE('',*,*,#1052,.F.);
#1108 = PLANE('',#1109);
#1109 = AXIS2_PLACEMENT_3D('',#1110,#1111,#1112);
#1110 = CARTESIAN_POINT('',(-2.2,1.25,-28.));
#1111 = DIRECTION('',(0.,0.,1.));
#1112 = DIRECTION('',(1.,0.,-0.));
#1113 = ADVANCED_FACE('',(#1114),#1120,.T.);
#1114 = FACE_BOUND('',#1115,.T.);
#1115 = EDGE_LOOP('',(#1116,#1117,#1118,#1119));
#1116 = ORIENTED_EDGE('',*,*,#1090,.T.);
#1117 = ORIENTED_EDGE('',*,*,#1061,.T.);
#1118 = ORIENTED_EDGE('',*,*,#1030,.T.);
#1119 = ORIENTED_EDGE('',*,*,#999,.T.);
#1120 = PLANE('',#1121);
#1121 = AXIS2_PLACEMENT_3D('',#1122,#1123,#1124);
#1122 = CARTESIAN_POINT('',(-2.2,1.25,-30.));
#1123 = DIRECTION('',(0.,0.,-1.));
#1124 = DIRECTION('',(-1.,0.,0.));
#1125 = ( GEOMETRIC_REPRESENTATION_CONTEXT(3) 
GLOBAL_UNCERTAINTY_ASSIGNED_CONTEXT((#1129)) 
GLOBAL_UNIT_ASSIGNED_CONTEXT((#1126,#1127,#1128)) REPRESENTATION_CONTEXT
('Context #1','3D Context with UNIT and UNCERTAINTY') );
#1126 = ( LENGTH_UNIT() NAMED_UNIT(*) SI_UNIT(.MILLI.,.METRE.) );
#1127 = ( NAMED_UNIT(*) PLANE_ANGLE_UNIT() SI_UNIT($,.RADIAN.) );
#1128 = ( NAMED_UNIT(*) SI_UNIT($,.STERADIAN.) SOLID_ANGLE_UNIT() );
#1129 = UNCERTAINTY_MEASURE_WITH_UNIT(LENGTH_MEASURE(1.E-07),#1126,
  'distance_accuracy_value','confusion accuracy');
#1130 = CONTEXT_DEPENDENT_SHAPE_REPRESENTATION(#1131,#1133);
#1131 = ( REPRESENTATION_RELATIONSHIP('','',#974,#32) 
REPRESENTATION_RELATIONSHIP_WITH_TRANSFORMATION(#1132) 
SHAPE_REPRESENTATION_RELATIONSHIP() );
#1132 = ITEM_DEFINED_TRANSFORMATION('','',#11,#45);
#1133 = PRODUCT_DEFINITION_SHAPE('Placement','Placement of an item',
  #1134);
#1134 = NEXT_ASSEMBLY_USAGE_OCCURRENCE('4','COMPOUND003','',#27,#969,$);
#1135 = PRODUCT_RELATED_PRODUCT_CATEGORY('part',$,(#971));
#1136 = SHAPE_DEFINITION_REPRESENTATION(#1137,#1143);
#1137 = PRODUCT_DEFINITION_SHAPE('','',#1138);
#1138 = PRODUCT_DEFINITION('design','',#1139,#1142);
#1139 = PRODUCT_DEFINITION_FORMATION('','',#1140);
#1140 = PRODUCT('COMPOUND004','COMPOUND004','',(#1141));
#1141 = PRODUCT_CONTEXT('',#2,'mechanical');
#1142 = PRODUCT_DEFINITION_CONTEXT('part definition',#2,'design');
#1143 = ADVANCED_BREP_SHAPE_REPRESENTATION('',(#11,#1144),#1294);
#1144 = MANIFOLD_SOLID_BREP('',#1145);
#1145 = CLOSED_SHELL('',(#1146,#1186,#1217,#1248,#1270,#1282));
#1146 = ADVANCED_FACE('',(#1147),#1181,.T.);
#1147 = FACE_BOUND('',#1148,.T.);
#1148 = EDGE_LOOP('',(#1149,#1159,#1167,#1175));
#1149 = ORIENTED_EDGE('',*,*,#1150,.T.);
#1150 = EDGE_CURVE('',#1151,#1153,#1155,.T.);
#1151 = VERTEX_POINT('',#1152);
#1152 = CARTESIAN_POINT('',(-7.,3.,-28.));
#1153 = VERTEX_POINT('',#1154);
#1154 = CARTESIAN_POINT('',(-7.,1.,-28.));
#1155 = LINE('',#1156,#1157);
#1156 = CARTESIAN_POINT('',(-7.,3.,-28.));
#1157 = VECTOR('',#1158,1.);
#1158 = DIRECTION('',(0.,-1.,0.));
#1159 = ORIENTED_EDGE('',*,*,#1160,.T.);
#1160 = EDGE_CURVE('',#1153,#1161,#1163,.T.);
#1161 = VERTEX_POINT('',#1162);
#1162 = CARTESIAN_POINT('',(-7.,1.,-30.));
#1163 = LINE('',#1164,#1165);
#1164 = CARTESIAN_POINT('',(-7.,1.,-28.));
#1165 = VECTOR('',#1166,1.);
#1166 = DIRECTION('',(0.,0.,-1.));
#1167 = ORIENTED_EDGE('',*,*,#1168,.F.);
#1168 = EDGE_CURVE('',#1169,#1161,#1171,.T.);
#1169 = VERTEX_POINT('',#1170);
#1170 = CARTESIAN_POINT('',(-7.,3.,-30.));
#1171 = LINE('',#1172,#1173);
#1172 = CARTESIAN_POINT('',(-7.,3.,-30.));
#1173 = VECTOR('',#1174,1.);
#1174 = DIRECTION('',(0.,-1.,0.));
#1175 = ORIENTED_EDGE('',*,*,#1176,.F.);
#1176 = EDGE_CURVE('',#1151,#1169,#1177,.T.);
#1177 = LINE('',#1178,#1179);
#1178 = CARTESIAN_POINT('',(-7.,3.,-28.));
#1179 = VECTOR('',#1180,1.);
#1180 = DIRECTION('',(0.,0.,-1.));
#1181 = PLANE('',#1182);
#1182 = AXIS2_PLACEMENT_3D('',#1183,#1184,#1185);
#1183 = CARTESIAN_POINT('',(-7.,3.,-28.));
#1184 = DIRECTION('',(1.,0.,0.));
#1185 = DIRECTION('',(0.,-1.,0.));
#1186 = ADVANCED_FACE('',(#1187),#1212,.T.);
#1187 = FACE_BOUND('',#1188,.T.);
#1188 = EDGE_LOOP('',(#1189,#1197,#1198,#1206));
#1189 = ORIENTED_EDGE('',*,*,#1190,.T.);
#1190 = EDGE_CURVE('',#1191,#1151,#1193,.T.);
#1191 = VERTEX_POINT('',#1192);
#1192 = CARTESIAN_POINT('',(-8.2,3.,-28.));
#1193 = LINE('',#1194,#1195);
#1194 = CARTESIAN_POINT('',(-8.2,3.,-28.));
#1195 = VECTOR('',#1196,1.);
#1196 = DIRECTION('',(1.,0.,0.));
#1197 = ORIENTED_EDGE('',*,*,#1176,.T.);
#1198 = ORIENTED_EDGE('',*,*,#1199,.F.);
#1199 = EDGE_CURVE('',#1200,#1169,#1202,.T.);
#1200 = VERTEX_POINT('',#1201);
#1201 = CARTESIAN_POINT('',(-8.2,3.,-30.));
#1202 = LINE('',#1203,#1204);
#1203 = CARTESIAN_POINT('',(-8.2,3.,-30.));
#1204 = VECTOR('',#1205,1.);
#1205 = DIRECTION('',(1.,0.,0.));
#1206 = ORIENTED_EDGE('',*,*,#1207,.F.);
#1207 = EDGE_CURVE('',#1191,#1200,#1208,.T.);
#1208 = LINE('',#1209,#1210);
#1209 = CARTESIAN_POINT('',(-8.2,3.,-28.));
#1210 = VECTOR('',#1211,1.);
#1211 = DIRECTION('',(0.,0.,-1.));
#1212 = PLANE('',#1213);
#1213 = AXIS2_PLACEMENT_3D('',#1214,#1215,#1216);
#1214 = CARTESIAN_POINT('',(-8.2,3.,-28.));
#1215 = DIRECTION('',(0.,1.,0.));
#1216 = DIRECTION('',(1.,0.,0.));
#1217 = ADVANCED_FACE('',(#1218),#1243,.T.);
#1218 = FACE_BOUND('',#1219,.T.);
#1219 = EDGE_LOOP('',(#1220,#1228,#1229,#1237));
#1220 = ORIENTED_EDGE('',*,*,#1221,.T.);
#1221 = EDGE_CURVE('',#1222,#1191,#1224,.T.);
#1222 = VERTEX_POINT('',#1223);
#1223 = CARTESIAN_POINT('',(-8.2,1.,-28.));
#1224 = LINE('',#1225,#1226);
#1225 = CARTESIAN_POINT('',(-8.2,1.,-28.));
#1226 = VECTOR('',#1227,1.);
#1227 = DIRECTION('',(0.,1.,0.));
#1228 = ORIENTED_EDGE('',*,*,#1207,.T.);
#1229 = ORIENTED_EDGE('',*,*,#1230,.F.);
#1230 = EDGE_CURVE('',#1231,#1200,#1233,.T.);
#1231 = VERTEX_POINT('',#1232);
#1232 = CARTESIAN_POINT('',(-8.2,1.,-30.));
#1233 = LINE('',#1234,#1235);
#1234 = CARTESIAN_POINT('',(-8.2,1.,-30.));
#1235 = VECTOR('',#1236,1.);
#1236 = DIRECTION('',(0.,1.,0.));
#1237 = ORIENTED_EDGE('',*,*,#1238,.F.);
#1238 = EDGE_CURVE('',#1222,#1231,#1239,.T.);
#1239 = LINE('',#1240,#1241);
#1240 = CARTESIAN_POINT('',(-8.2,1.,-28.));
#1241 = VECTOR('',#1242,1.);
#1242 = DIRECTION('',(0.,0.,-1.));
#1243 = PLANE('',#1244);
#1244 = AXIS2_PLACEMENT_3D('',#1245,#1246,#1247);
#1245 = CARTESIAN_POINT('',(-8.2,1.,-28.));
#1246 = DIRECTION('',(-1.,0.,0.));
#1247 = DIRECTION('',(0.,1.,0.));
#1248 = ADVANCED_FACE('',(#1249),#1265,.T.);
#1249 = FACE_BOUND('',#1250,.T.);
#1250 = EDGE_LOOP('',(#1251,#1257,#1258,#1264));
#1251 = ORIENTED_EDGE('',*,*,#1252,.T.);
#1252 = EDGE_CURVE('',#1153,#1222,#1253,.T.);
#1253 = LINE('',#1254,#1255);
#1254 = CARTESIAN_POINT('',(-7.,1.,-28.));
#1255 = VECTOR('',#1256,1.);
#1256 = DIRECTION('',(-1.,0.,0.));
#1257 = ORIENTED_EDGE('',*,*,#1238,.T.);
#1258 = ORIENTED_EDGE('',*,*,#1259,.F.);
#1259 = EDGE_CURVE('',#1161,#1231,#1260,.T.);
#1260 = LINE('',#1261,#1262);
#1261 = CARTESIAN_POINT('',(-7.,1.,-30.));
#1262 = VECTOR('',#1263,1.);
#1263 = DIRECTION('',(-1.,0.,0.));
#1264 = ORIENTED_EDGE('',*,*,#1160,.F.);
#1265 = PLANE('',#1266);
#1266 = AXIS2_PLACEMENT_3D('',#1267,#1268,#1269);
#1267 = CARTESIAN_POINT('',(-7.,1.,-28.));
#1268 = DIRECTION('',(0.,-1.,0.));
#1269 = DIRECTION('',(-1.,0.,0.));
#1270 = ADVANCED_FACE('',(#1271),#1277,.T.);
#1271 = FACE_BOUND('',#1272,.T.);
#1272 = EDGE_LOOP('',(#1273,#1274,#1275,#1276));
#1273 = ORIENTED_EDGE('',*,*,#1252,.F.);
#1274 = ORIENTED_EDGE('',*,*,#1150,.F.);
#1275 = ORIENTED_EDGE('',*,*,#1190,.F.);
#1276 = ORIENTED_EDGE('',*,*,#1221,.F.);
#1277 = PLANE('',#1278);
#1278 = AXIS2_PLACEMENT_3D('',#1279,#1280,#1281);
#1279 = CARTESIAN_POINT('',(-7.6,2.,-28.));
#1280 = DIRECTION('',(0.,0.,1.));
#1281 = DIRECTION('',(1.,0.,-0.));
#1282 = ADVANCED_FACE('',(#1283),#1289,.T.);
#1283 = FACE_BOUND('',#1284,.T.);
#1284 = EDGE_LOOP('',(#1285,#1286,#1287,#1288));
#1285 = ORIENTED_EDGE('',*,*,#1259,.T.);
#1286 = ORIENTED_EDGE('',*,*,#1230,.T.);
#1287 = ORIENTED_EDGE('',*,*,#1199,.T.);
#1288 = ORIENTED_EDGE('',*,*,#1168,.T.);
#1289 = PLANE('',#1290);
#1290 = AXIS2_PLACEMENT_3D('',#1291,#1292,#1293);
#1291 = CARTESIAN_POINT('',(-7.6,2.,-30.));
#1292 = DIRECTION('',(0.,0.,-1.));
#1293 = DIRECTION('',(-1.,0.,0.));
#1294 = ( GEOMETRIC_REPRESENTATION_CONTEXT(3) 
GLOBAL_UNCERTAINTY_ASSIGNED_CONTEXT((#1298)) 
GLOBAL_UNIT_ASSIGNED_CONTEXT((#1295,#1296,#1297)) REPRESENTATION_CONTEXT
('Context #1','3D Context with UNIT and UNCERTAINTY') );
#1295 = ( LENGTH_UNIT() NAMED_UNIT(*) SI_UNIT(.MILLI.,.METRE.) );
#1296 = ( NAMED_UNIT(*) PLANE_ANGLE_UNIT() SI_UNIT($,.RADIAN.) );
#1297 = ( NAMED_UNIT(*) SI_UNIT($,.STERADIAN.) SOLID_ANGLE_UNIT() );
#1298 = UNCERTAINTY_MEASURE_WITH_UNIT(LENGTH_MEASURE(1.E-07),#1295,
  'distance_accuracy_value','confusion accuracy');
#1299 = CONTEXT_DEPENDENT_SHAPE_REPRESENTATION(#1300,#1302);
#1300 = ( REPRESENTATION_RELATIONSHIP('','',#1143,#32) 
REPRESENTATION_RELATIONSHIP_WITH_TRANSFORMATION(#1301) 
SHAPE_REPRESENTATION_RELATIONSHIP() );
#1301 = ITEM_DEFINED_TRANSFORMATION('','',#11,#49);
#1302 = PRODUCT_DEFINITION_SHAPE('Placement','Placement of an item',
  #1303);
#1303 = NEXT_ASSEMBLY_USAGE_OCCURRENCE('5','COMPOUND004','',#27,#1138,$
  );
#1304 = PRODUCT_RELATED_PRODUCT_CATEGORY('part',$,(#1140));
#1305 = SHAPE_DEFINITION_REPRESENTATION(#1306,#1312);
#1306 = PRODUCT_DEFINITION_SHAPE('','',#1307);
#1307 = PRODUCT_DEFINITION('design','',#1308,#1311);
#1308 = PRODUCT_DEFINITION_FORMATION('','',#1309);
#1309 = PRODUCT('COMPOUND005','COMPOUND005','',(#1310));
#1310 = PRODUCT_CONTEXT('',#2,'mechanical');
#1311 = PRODUCT_DEFINITION_CONTEXT('part definition',#2,'design');
#1312 = ADVANCED_BREP_SHAPE_REPRESENTATION('',(#11,#1313),#1463);
#1313 = MANIFOLD_SOLID_BREP('',#1314);
#1314 = CLOSED_SHELL('',(#1315,#1355,#1386,#1417,#1439,#1451));
#1315 = ADVANCED_FACE('',(#1316),#1350,.T.);
#1316 = FACE_BOUND('',#1317,.T.);
#1317 = EDGE_LOOP('',(#1318,#1328,#1336,#1344));
#1318 = ORIENTED_EDGE('',*,*,#1319,.T.);
#1319 = EDGE_CURVE('',#1320,#1322,#1324,.T.);
#1320 = VERTEX_POINT('',#1321);
#1321 = CARTESIAN_POINT('',(7.3,2.,-28.));
#1322 = VERTEX_POINT('',#1323);
#1323 = CARTESIAN_POINT('',(7.3,1.,-28.));
#1324 = LINE('',#1325,#1326);
#1325 = CARTESIAN_POINT('',(7.3,2.,-28.));
#1326 = VECTOR('',#1327,1.);
#1327 = DIRECTION('',(0.,-1.,0.));
#1328 = ORIENTED_EDGE('',*,*,#1329,.T.);
#1329 = EDGE_CURVE('',#1322,#1330,#1332,.T.);
#1330 = VERTEX_POINT('',#1331);
#1331 = CARTESIAN_POINT('',(7.3,1.,-30.));
#1332 = LINE('',#1333,#1334);
#1333 = CARTESIAN_POINT('',(7.3,1.,-28.));
#1334 = VECTOR('',#1335,1.);
#1335 = DIRECTION('',(0.,0.,-1.));
#1336 = ORIENTED_EDGE('',*,*,#1337,.F.);
#1337 = EDGE_CURVE('',#1338,#1330,#1340,.T.);
#1338 = VERTEX_POINT('',#1339);
#1339 = CARTESIAN_POINT('',(7.3,2.,-30.));
#1340 = LINE('',#1341,#1342);
#1341 = CARTESIAN_POINT('',(7.3,2.,-30.));
#1342 = VECTOR('',#1343,1.);
#1343 = DIRECTION('',(0.,-1.,0.));
#1344 = ORIENTED_EDGE('',*,*,#1345,.F.);
#1345 = EDGE_CURVE('',#1320,#1338,#1346,.T.);
#1346 = LINE('',#1347,#1348);
#1347 = CARTESIAN_POINT('',(7.3,2.,-28.));
#1348 = VECTOR('',#1349,1.);
#1349 = DIRECTION('',(0.,0.,-1.));
#1350 = PLANE('',#1351);
#1351 = AXIS2_PLACEMENT_3D('',#1352,#1353,#1354);
#1352 = CARTESIAN_POINT('',(7.3,2.,-28.));
#1353 = DIRECTION('',(1.,0.,0.));
#1354 = DIRECTION('',(0.,-1.,0.));
#1355 = ADVANCED_FACE('',(#1356),#1381,.T.);
#1356 = FACE_BOUND('',#1357,.T.);
#1357 = EDGE_LOOP('',(#1358,#1366,#1367,#1375));
#1358 = ORIENTED_EDGE('',*,*,#1359,.T.);
#1359 = EDGE_CURVE('',#1360,#1320,#1362,.T.);
#1360 = VERTEX_POINT('',#1361);
#1361 = CARTESIAN_POINT('',(6.1,2.,-28.));
#1362 = LINE('',#1363,#1364);
#1363 = CARTESIAN_POINT('',(6.1,2.,-28.));
#1364 = VECTOR('',#1365,1.);
#1365 = DIRECTION('',(1.,0.,0.));
#1366 = ORIENTED_EDGE('',*,*,#1345,.T.);
#1367 = ORIENTED_EDGE('',*,*,#1368,.F.);
#1368 = EDGE_CURVE('',#1369,#1338,#1371,.T.);
#1369 = VERTEX_POINT('',#1370);
#1370 = CARTESIAN_POINT('',(6.1,2.,-30.));
#1371 = LINE('',#1372,#1373);
#1372 = CARTESIAN_POINT('',(6.1,2.,-30.));
#1373 = VECTOR('',#1374,1.);
#1374 = DIRECTION('',(1.,0.,0.));
#1375 = ORIENTED_EDGE('',*,*,#1376,.F.);
#1376 = EDGE_CURVE('',#1360,#1369,#1377,.T.);
#1377 = LINE('',#1378,#1379);
#1378 = CARTESIAN_POINT('',(6.1,2.,-28.));
#1379 = VECTOR('',#1380,1.);
#1380 = DIRECTION('',(0.,0.,-1.));
#1381 = PLANE('',#1382);
#1382 = AXIS2_PLACEMENT_3D('',#1383,#1384,#1385);
#1383 = CARTESIAN_POINT('',(6.1,2.,-28.));
#1384 = DIRECTION('',(0.,1.,0.));
#1385 = DIRECTION('',(1.,0.,0.));
#1386 = ADVANCED_FACE('',(#1387),#1412,.T.);
#1387 = FACE_BOUND('',#1388,.T.);
#1388 = EDGE_LOOP('',(#1389,#1397,#1398,#1406));
#1389 = ORIENTED_EDGE('',*,*,#1390,.T.);
#1390 = EDGE_CURVE('',#1391,#1360,#1393,.T.);
#1391 = VERTEX_POINT('',#1392);
#1392 = CARTESIAN_POINT('',(6.1,1.,-28.));
#1393 = LINE('',#1394,#1395);
#1394 = CARTESIAN_POINT('',(6.1,1.,-28.));
#1395 = VECTOR('',#1396,1.);
#1396 = DIRECTION('',(-2.22044604925E-15,1.,0.));
#1397 = ORIENTED_EDGE('',*,*,#1376,.T.);
#1398 = ORIENTED_EDGE('',*,*,#1399,.F.);
#1399 = EDGE_CURVE('',#1400,#1369,#1402,.T.);
#1400 = VERTEX_POINT('',#1401);
#1401 = CARTESIAN_POINT('',(6.1,1.,-30.));
#1402 = LINE('',#1403,#1404);
#1403 = CARTESIAN_POINT('',(6.1,1.,-30.));
#1404 = VECTOR('',#1405,1.);
#1405 = DIRECTION('',(-2.22044604925E-15,1.,0.));
#1406 = ORIENTED_EDGE('',*,*,#1407,.F.);
#1407 = EDGE_CURVE('',#1391,#1400,#1408,.T.);
#1408 = LINE('',#1409,#1410);
#1409 = CARTESIAN_POINT('',(6.1,1.,-28.));
#1410 = VECTOR('',#1411,1.);
#1411 = DIRECTION('',(0.,0.,-1.));
#1412 = PLANE('',#1413);
#1413 = AXIS2_PLACEMENT_3D('',#1414,#1415,#1416);
#1414 = CARTESIAN_POINT('',(6.1,1.,-28.));
#1415 = DIRECTION('',(-1.,-2.22044604925E-15,0.));
#1416 = DIRECTION('',(-2.22044604925E-15,1.,0.));
#1417 = ADVANCED_FACE('',(#1418),#1434,.T.);
#1418 = FACE_BOUND('',#1419,.T.);
#1419 = EDGE_LOOP('',(#1420,#1426,#1427,#1433));
#1420 = ORIENTED_EDGE('',*,*,#1421,.T.);
#1421 = EDGE_CURVE('',#1322,#1391,#1422,.T.);
#1422 = LINE('',#1423,#1424);
#1423 = CARTESIAN_POINT('',(7.3,1.,-28.));
#1424 = VECTOR('',#1425,1.);
#1425 = DIRECTION('',(-1.,0.,0.));
#1426 = ORIENTED_EDGE('',*,*,#1407,.T.);
#1427 = ORIENTED_EDGE('',*,*,#1428,.F.);
#1428 = EDGE_CURVE('',#1330,#1400,#1429,.T.);
#1429 = LINE('',#1430,#1431);
#1430 = CARTESIAN_POINT('',(7.3,1.,-30.));
#1431 = VECTOR('',#1432,1.);
#1432 = DIRECTION('',(-1.,0.,0.));
#1433 = ORIENTED_EDGE('',*,*,#1329,.F.);
#1434 = PLANE('',#1435);
#1435 = AXIS2_PLACEMENT_3D('',#1436,#1437,#1438);
#1436 = CARTESIAN_POINT('',(7.3,1.,-28.));
#1437 = DIRECTION('',(0.,-1.,0.));
#1438 = DIRECTION('',(-1.,0.,0.));
#1439 = ADVANCED_FACE('',(#1440),#1446,.T.);
#1440 = FACE_BOUND('',#1441,.T.);
#1441 = EDGE_LOOP('',(#1442,#1443,#1444,#1445));
#1442 = ORIENTED_EDGE('',*,*,#1421,.F.);
#1443 = ORIENTED_EDGE('',*,*,#1319,.F.);
#1444 = ORIENTED_EDGE('',*,*,#1359,.F.);
#1445 = ORIENTED_EDGE('',*,*,#1390,.F.);
#1446 = PLANE('',#1447);
#1447 = AXIS2_PLACEMENT_3D('',#1448,#1449,#1450);
#1448 = CARTESIAN_POINT('',(6.7,1.5,-28.));
#1449 = DIRECTION('',(0.,0.,1.));
#1450 = DIRECTION('',(1.,0.,-0.));
#1451 = ADVANCED_FACE('',(#1452),#1458,.T.);
#1452 = FACE_BOUND('',#1453,.T.);
#1453 = EDGE_LOOP('',(#1454,#1455,#1456,#1457));
#1454 = ORIENTED_EDGE('',*,*,#1428,.T.);
#1455 = ORIENTED_EDGE('',*,*,#1399,.T.);
#1456 = ORIENTED_EDGE('',*,*,#1368,.T.);
#1457 = ORIENTED_EDGE('',*,*,#1337,.T.);
#1458 = PLANE('',#1459);
#1459 = AXIS2_PLACEMENT_3D('',#1460,#1461,#1462);
#1460 = CARTESIAN_POINT('',(6.7,1.5,-30.));
#1461 = DIRECTION('',(0.,0.,-1.));
#1462 = DIRECTION('',(-1.,0.,0.));
#1463 = ( GEOMETRIC_REPRESENTATION_CONTEXT(3) 
GLOBAL_UNCERTAINTY_ASSIGNED_CONTEXT((#1467)) 
GLOBAL_UNIT_ASSIGNED_CONTEXT((#1464,#1465,#1466)) REPRESENTATION_CONTEXT
('Context #1','3D Context with UNIT and UNCERTAINTY') );
#1464 = ( LENGTH_UNIT() NAMED_UNIT(*) SI_UNIT(.MILLI.,.METRE.) );
#1465 = ( NAMED_UNIT(*) PLANE_ANGLE_UNIT() SI_UNIT($,.RADIAN.) );
#1466 = ( NAMED_UNIT(*) SI_UNIT($,.STERADIAN.) SOLID_ANGLE_UNIT() );
#1467 = UNCERTAINTY_MEASURE_WITH_UNIT(LENGTH_MEASURE(1.E-07),#1464,
  'distance_accuracy_value','confusion accuracy');
#1468 = CONTEXT_DEPENDENT_SHAPE_REPRESENTATION(#1469,#1471);
#1469 = ( REPRESENTATION_RELATIONSHIP('','',#1312,#32) 
REPRESENTATION_RELATIONSHIP_WITH_TRANSFORMATION(#1470) 
SHAPE_REPRESENTATION_RELATIONSHIP() );
#1470 = ITEM_DEFINED_TRANSFORMATION('','',#11,#53);
#1471 = PRODUCT_DEFINITION_SHAPE('Placement','Placement of an item',
  #1472);
#1472 = NEXT_ASSEMBLY_USAGE_OCCURRENCE('6','COMPOUND005','',#27,#1307,$
  );
#1473 = PRODUCT_RELATED_PRODUCT_CATEGORY('part',$,(#1309));
#1474 = SHAPE_DEFINITION_REPRESENTATION(#1475,#1481);
#1475 = PRODUCT_DEFINITION_SHAPE('','',#1476);
#1476 = PRODUCT_DEFINITION('design','',#1477,#1480);
#1477 = PRODUCT_DEFINITION_FORMATION('','',#1478);
#1478 = PRODUCT('COMPOUND006','COMPOUND006','',(#1479));
#1479 = PRODUCT_CONTEXT('',#2,'mechanical');
#1480 = PRODUCT_DEFINITION_CONTEXT('part definition',#2,'design');
#1481 = ADVANCED_BREP_SHAPE_REPRESENTATION('',(#11,#1482),#1632);
#1482 = MANIFOLD_SOLID_BREP('',#1483);
#1483 = CLOSED_SHELL('',(#1484,#1524,#1555,#1586,#1608,#1620));
#1484 = ADVANCED_FACE('',(#1485),#1519,.T.);
#1485 = FACE_BOUND('',#1486,.T.);
#1486 = EDGE_LOOP('',(#1487,#1497,#1505,#1513));
#1487 = ORIENTED_EDGE('',*,*,#1488,.F.);
#1488 = EDGE_CURVE('',#1489,#1491,#1493,.T.);
#1489 = VERTEX_POINT('',#1490);
#1490 = CARTESIAN_POINT('',(8.6,1.,-38.5));
#1491 = VERTEX_POINT('',#1492);
#1492 = CARTESIAN_POINT('',(8.6,1.,-41.));
#1493 = LINE('',#1494,#1495);
#1494 = CARTESIAN_POINT('',(8.6,1.,-38.5));
#1495 = VECTOR('',#1496,1.);
#1496 = DIRECTION('',(0.,0.,-1.));
#1497 = ORIENTED_EDGE('',*,*,#1498,.T.);
#1498 = EDGE_CURVE('',#1489,#1499,#1501,.T.);
#1499 = VERTEX_POINT('',#1500);
#1500 = CARTESIAN_POINT('',(8.6,1.5,-38.5));
#1501 = LINE('',#1502,#1503);
#1502 = CARTESIAN_POINT('',(8.6,1.,-38.5));
#1503 = VECTOR('',#1504,1.);
#1504 = DIRECTION('',(0.,1.,0.));
#1505 = ORIENTED_EDGE('',*,*,#1506,.F.);
#1506 = EDGE_CURVE('',#1507,#1499,#1509,.T.);
#1507 = VERTEX_POINT('',#1508);
#1508 = CARTESIAN_POINT('',(8.6,1.5,-41.));
#1509 = LINE('',#1510,#1511);
#1510 = CARTESIAN_POINT('',(8.6,1.5,-38.5));
#1511 = VECTOR('',#1512,1.);
#1512 = DIRECTION('',(0.,0.,1.));
#1513 = ORIENTED_EDGE('',*,*,#1514,.F.);
#1514 = EDGE_CURVE('',#1491,#1507,#1515,.T.);
#1515 = LINE('',#1516,#1517);
#1516 = CARTESIAN_POINT('',(8.6,1.,-41.));
#1517 = VECTOR('',#1518,1.);
#1518 = DIRECTION('',(0.,1.,0.));
#1519 = PLANE('',#1520);
#1520 = AXIS2_PLACEMENT_3D('',#1521,#1522,#1523);
#1521 = CARTESIAN_POINT('',(8.6,1.,-41.));
#1522 = DIRECTION('',(-1.,0.,0.));
#1523 = DIRECTION('',(0.,0.,1.));
#1524 = ADVANCED_FACE('',(#1525),#1550,.T.);
#1525 = FACE_BOUND('',#1526,.T.);
#1526 = EDGE_LOOP('',(#1527,#1535,#1536,#1544));
#1527 = ORIENTED_EDGE('',*,*,#1528,.F.);
#1528 = EDGE_CURVE('',#1491,#1529,#1531,.T.);
#1529 = VERTEX_POINT('',#1530);
#1530 = CARTESIAN_POINT('',(10.1,1.,-41.));
#1531 = LINE('',#1532,#1533);
#1532 = CARTESIAN_POINT('',(8.6,1.,-41.));
#1533 = VECTOR('',#1534,1.);
#1534 = DIRECTION('',(1.,0.,0.));
#1535 = ORIENTED_EDGE('',*,*,#1514,.T.);
#1536 = ORIENTED_EDGE('',*,*,#1537,.F.);
#1537 = EDGE_CURVE('',#1538,#1507,#1540,.T.);
#1538 = VERTEX_POINT('',#1539);
#1539 = CARTESIAN_POINT('',(10.1,1.5,-41.));
#1540 = LINE('',#1541,#1542);
#1541 = CARTESIAN_POINT('',(8.6,1.5,-41.));
#1542 = VECTOR('',#1543,1.);
#1543 = DIRECTION('',(-1.,0.,0.));
#1544 = ORIENTED_EDGE('',*,*,#1545,.F.);
#1545 = EDGE_CURVE('',#1529,#1538,#1546,.T.);
#1546 = LINE('',#1547,#1548);
#1547 = CARTESIAN_POINT('',(10.1,1.,-41.));
#1548 = VECTOR('',#1549,1.);
#1549 = DIRECTION('',(0.,1.,0.));
#1550 = PLANE('',#1551);
#1551 = AXIS2_PLACEMENT_3D('',#1552,#1553,#1554);
#1552 = CARTESIAN_POINT('',(10.1,1.,-41.));
#1553 = DIRECTION('',(0.,0.,-1.));
#1554 = DIRECTION('',(-1.,0.,0.));
#1555 = ADVANCED_FACE('',(#1556),#1581,.T.);
#1556 = FACE_BOUND('',#1557,.T.);
#1557 = EDGE_LOOP('',(#1558,#1566,#1567,#1575));
#1558 = ORIENTED_EDGE('',*,*,#1559,.F.);
#1559 = EDGE_CURVE('',#1529,#1560,#1562,.T.);
#1560 = VERTEX_POINT('',#1561);
#1561 = CARTESIAN_POINT('',(10.1,1.,-38.5));
#1562 = LINE('',#1563,#1564);
#1563 = CARTESIAN_POINT('',(10.1,1.,-41.));
#1564 = VECTOR('',#1565,1.);
#1565 = DIRECTION('',(0.,0.,1.));
#1566 = ORIENTED_EDGE('',*,*,#1545,.T.);
#1567 = ORIENTED_EDGE('',*,*,#1568,.F.);
#1568 = EDGE_CURVE('',#1569,#1538,#1571,.T.);
#1569 = VERTEX_POINT('',#1570);
#1570 = CARTESIAN_POINT('',(10.1,1.5,-38.5));
#1571 = LINE('',#1572,#1573);
#1572 = CARTESIAN_POINT('',(10.1,1.5,-41.));
#1573 = VECTOR('',#1574,1.);
#1574 = DIRECTION('',(0.,0.,-1.));
#1575 = ORIENTED_EDGE('',*,*,#1576,.F.);
#1576 = EDGE_CURVE('',#1560,#1569,#1577,.T.);
#1577 = LINE('',#1578,#1579);
#1578 = CARTESIAN_POINT('',(10.1,1.,-38.5));
#1579 = VECTOR('',#1580,1.);
#1580 = DIRECTION('',(0.,1.,0.));
#1581 = PLANE('',#1582);
#1582 = AXIS2_PLACEMENT_3D('',#1583,#1584,#1585);
#1583 = CARTESIAN_POINT('',(10.1,1.,-38.5));
#1584 = DIRECTION('',(1.,0.,0.));
#1585 = DIRECTION('',(0.,0.,-1.));
#1586 = ADVANCED_FACE('',(#1587),#1603,.T.);
#1587 = FACE_BOUND('',#1588,.T.);
#1588 = EDGE_LOOP('',(#1589,#1595,#1596,#1602));
#1589 = ORIENTED_EDGE('',*,*,#1590,.F.);
#1590 = EDGE_CURVE('',#1560,#1489,#1591,.T.);
#1591 = LINE('',#1592,#1593);
#1592 = CARTESIAN_POINT('',(10.1,1.,-38.5));
#1593 = VECTOR('',#1594,1.);
#1594 = DIRECTION('',(-1.,0.,0.));
#1595 = ORIENTED_EDGE('',*,*,#1576,.T.);
#1596 = ORIENTED_EDGE('',*,*,#1597,.F.);
#1597 = EDGE_CURVE('',#1499,#1569,#1598,.T.);
#1598 = LINE('',#1599,#1600);
#1599 = CARTESIAN_POINT('',(10.1,1.5,-38.5));
#1600 = VECTOR('',#1601,1.);
#1601 = DIRECTION('',(1.,0.,0.));
#1602 = ORIENTED_EDGE('',*,*,#1498,.F.);
#1603 = PLANE('',#1604);
#1604 = AXIS2_PLACEMENT_3D('',#1605,#1606,#1607);
#1605 = CARTESIAN_POINT('',(8.6,1.,-38.5));
#1606 = DIRECTION('',(0.,0.,1.));
#1607 = DIRECTION('',(1.,0.,-0.));
#1608 = ADVANCED_FACE('',(#1609),#1615,.T.);
#1609 = FACE_BOUND('',#1610,.T.);
#1610 = EDGE_LOOP('',(#1611,#1612,#1613,#1614));
#1611 = ORIENTED_EDGE('',*,*,#1597,.T.);
#1612 = ORIENTED_EDGE('',*,*,#1568,.T.);
#1613 = ORIENTED_EDGE('',*,*,#1537,.T.);
#1614 = ORIENTED_EDGE('',*,*,#1506,.T.);
#1615 = PLANE('',#1616);
#1616 = AXIS2_PLACEMENT_3D('',#1617,#1618,#1619);
#1617 = CARTESIAN_POINT('',(9.35,1.5,-39.75));
#1618 = DIRECTION('',(0.,1.,0.));
#1619 = DIRECTION('',(0.,-0.,1.));
#1620 = ADVANCED_FACE('',(#1621),#1627,.F.);
#1621 = FACE_BOUND('',#1622,.T.);
#1622 = EDGE_LOOP('',(#1623,#1624,#1625,#1626));
#1623 = ORIENTED_EDGE('',*,*,#1590,.T.);
#1624 = ORIENTED_EDGE('',*,*,#1488,.T.);
#1625 = ORIENTED_EDGE('',*,*,#1528,.T.);
#1626 = ORIENTED_EDGE('',*,*,#1559,.T.);
#1627 = PLANE('',#1628);
#1628 = AXIS2_PLACEMENT_3D('',#1629,#1630,#1631);
#1629 = CARTESIAN_POINT('',(9.35,1.,-39.75));
#1630 = DIRECTION('',(0.,1.,0.));
#1631 = DIRECTION('',(-1.,0.,0.));
#1632 = ( GEOMETRIC_REPRESENTATION_CONTEXT(3) 
GLOBAL_UNCERTAINTY_ASSIGNED_CONTEXT((#1636)) 
GLOBAL_UNIT_ASSIGNED_CONTEXT((#1633,#1634,#1635)) REPRESENTATION_CONTEXT
('Context #1','3D Context with UNIT and UNCERTAINTY') );
#1633 = ( LENGTH_UNIT() NAMED_UNIT(*) SI_UNIT(.MILLI.,.METRE.) );
#1634 = ( NAMED_UNIT(*) PLANE_ANGLE_UNIT() SI_UNIT($,.RADIAN.) );
#1635 = ( NAMED_UNIT(*) SI_UNIT($,.STERADIAN.) SOLID_ANGLE_UNIT() );
#1636 = UNCERTAINTY_MEASURE_WITH_UNIT(LENGTH_MEASURE(1.E-07),#1633,
  'distance_accuracy_value','confusion accuracy');
#1637 = CONTEXT_DEPENDENT_SHAPE_REPRESENTATION(#1638,#1640);
#1638 = ( REPRESENTATION_RELATIONSHIP('','',#1481,#32) 
REPRESENTATION_RELATIONSHIP_WITH_TRANSFORMATION(#1639) 
SHAPE_REPRESENTATION_RELATIONSHIP() );
#1639 = ITEM_DEFINED_TRANSFORMATION('','',#11,#57);
#1640 = PRODUCT_DEFINITION_SHAPE('Placement','Placement of an item',
  #1641);
#1641 = NEXT_ASSEMBLY_USAGE_OCCURRENCE('7','COMPOUND006','',#27,#1476,$
  );
#1642 = PRODUCT_RELATED_PRODUCT_CATEGORY('part',$,(#1478));
#1643 = SHAPE_DEFINITION_REPRESENTATION(#1644,#1650);
#1644 = PRODUCT_DEFINITION_SHAPE('','',#1645);
#1645 = PRODUCT_DEFINITION('design','',#1646,#1649);
#1646 = PRODUCT_DEFINITION_FORMATION('','',#1647);
#1647 = PRODUCT('COMPOUND007','COMPOUND007','',(#1648));
#1648 = PRODUCT_CONTEXT('',#2,'mechanical');
#1649 = PRODUCT_DEFINITION_CONTEXT('part definition',#2,'design');
#1650 = ADVANCED_BREP_SHAPE_REPRESENTATION('',(#11,#1651),#1801);
#1651 = MANIFOLD_SOLID_BREP('',#1652);
#1652 = CLOSED_SHELL('',(#1653,#1693,#1724,#1748,#1772,#1789));
#1653 = ADVANCED_FACE('',(#1654),#1688,.T.);
#1654 = FACE_BOUND('',#1655,.T.);
#1655 = EDGE_LOOP('',(#1656,#1666,#1674,#1682));
#1656 = ORIENTED_EDGE('',*,*,#1657,.T.);
#1657 = EDGE_CURVE('',#1658,#1660,#1662,.T.);
#1658 = VERTEX_POINT('',#1659);
#1659 = CARTESIAN_POINT('',(-9.5,3.,-39.5));
#1660 = VERTEX_POINT('',#1661);
#1661 = CARTESIAN_POINT('',(-8.,3.,-39.5));
#1662 = LINE('',#1663,#1664);
#1663 = CARTESIAN_POINT('',(-8.,3.,-39.5));
#1664 = VECTOR('',#1665,1.);
#1665 = DIRECTION('',(1.,0.,0.));
#1666 = ORIENTED_EDGE('',*,*,#1667,.T.);
#1667 = EDGE_CURVE('',#1660,#1668,#1670,.T.);
#1668 = VERTEX_POINT('',#1669);
#1669 = CARTESIAN_POINT('',(-8.,3.,-42.));
#1670 = LINE('',#1671,#1672);
#1671 = CARTESIAN_POINT('',(-8.,3.,-42.));
#1672 = VECTOR('',#1673,1.);
#1673 = DIRECTION('',(0.,0.,-1.));
#1674 = ORIENTED_EDGE('',*,*,#1675,.T.);
#1675 = EDGE_CURVE('',#1668,#1676,#1678,.T.);
#1676 = VERTEX_POINT('',#1677);
#1677 = CARTESIAN_POINT('',(-9.5,3.,-42.));
#1678 = LINE('',#1679,#1680);
#1679 = CARTESIAN_POINT('',(-9.5,3.,-42.));
#1680 = VECTOR('',#1681,1.);
#1681 = DIRECTION('',(-1.,0.,0.));
#1682 = ORIENTED_EDGE('',*,*,#1683,.T.);
#1683 = EDGE_CURVE('',#1676,#1658,#1684,.T.);
#1684 = LINE('',#1685,#1686);
#1685 = CARTESIAN_POINT('',(-9.5,3.,-39.5));
#1686 = VECTOR('',#1687,1.);
#1687 = DIRECTION('',(0.,0.,1.));
#1688 = PLANE('',#1689);
#1689 = AXIS2_PLACEMENT_3D('',#1690,#1691,#1692);
#1690 = CARTESIAN_POINT('',(-8.75,3.,-40.75));
#1691 = DIRECTION('',(0.,1.,0.));
#1692 = DIRECTION('',(0.,-0.,1.));
#1693 = ADVANCED_FACE('',(#1694),#1719,.T.);
#1694 = FACE_BOUND('',#1695,.T.);
#1695 = EDGE_LOOP('',(#1696,#1706,#1712,#1713));
#1696 = ORIENTED_EDGE('',*,*,#1697,.F.);
#1697 = EDGE_CURVE('',#1698,#1700,#1702,.T.);
#1698 = VERTEX_POINT('',#1699);
#1699 = CARTESIAN_POINT('',(-9.5,1.,-39.5));
#1700 = VERTEX_POINT('',#1701);
#1701 = CARTESIAN_POINT('',(-9.5,1.,-42.));
#1702 = LINE('',#1703,#1704);
#1703 = CARTESIAN_POINT('',(-9.5,1.,-39.5));
#1704 = VECTOR('',#1705,1.);
#1705 = DIRECTION('',(0.,0.,-1.));
#1706 = ORIENTED_EDGE('',*,*,#1707,.T.);
#1707 = EDGE_CURVE('',#1698,#1658,#1708,.T.);
#1708 = LINE('',#1709,#1710);
#1709 = CARTESIAN_POINT('',(-9.5,1.,-39.5));
#1710 = VECTOR('',#1711,1.);
#1711 = DIRECTION('',(0.,1.,0.));
#1712 = ORIENTED_EDGE('',*,*,#1683,.F.);
#1713 = ORIENTED_EDGE('',*,*,#1714,.F.);
#1714 = EDGE_CURVE('',#1700,#1676,#1715,.T.);
#1715 = LINE('',#1716,#1717);
#1716 = CARTESIAN_POINT('',(-9.5,1.,-42.));
#1717 = VECTOR('',#1718,1.);
#1718 = DIRECTION('',(0.,1.,0.));
#1719 = PLANE('',#1720);
#1720 = AXIS2_PLACEMENT_3D('',#1721,#1722,#1723);
#1721 = CARTESIAN_POINT('',(-9.5,1.,-42.));
#1722 = DIRECTION('',(-1.,0.,0.));
#1723 = DIRECTION('',(0.,0.,1.));
#1724 = ADVANCED_FACE('',(#1725),#1743,.T.);
#1725 = FACE_BOUND('',#1726,.T.);
#1726 = EDGE_LOOP('',(#1727,#1735,#1736,#1737));
#1727 = ORIENTED_EDGE('',*,*,#1728,.F.);
#1728 = EDGE_CURVE('',#1700,#1729,#1731,.T.);
#1729 = VERTEX_POINT('',#1730);
#1730 = CARTESIAN_POINT('',(-8.,1.,-42.));
#1731 = LINE('',#1732,#1733);
#1732 = CARTESIAN_POINT('',(-9.5,1.,-42.));
#1733 = VECTOR('',#1734,1.);
#1734 = DIRECTION('',(1.,0.,0.));
#1735 = ORIENTED_EDGE('',*,*,#1714,.T.);
#1736 = ORIENTED_EDGE('',*,*,#1675,.F.);
#1737 = ORIENTED_EDGE('',*,*,#1738,.F.);
#1738 = EDGE_CURVE('',#1729,#1668,#1739,.T.);
#1739 = LINE('',#1740,#1741);
#1740 = CARTESIAN_POINT('',(-8.,1.,-42.));
#1741 = VECTOR('',#1742,1.);
#1742 = DIRECTION('',(0.,1.,0.));
#1743 = PLANE('',#1744);
#1744 = AXIS2_PLACEMENT_3D('',#1745,#1746,#1747);
#1745 = CARTESIAN_POINT('',(-8.,1.,-42.));
#1746 = DIRECTION('',(0.,0.,-1.));
#1747 = DIRECTION('',(-1.,0.,0.));
#1748 = ADVANCED_FACE('',(#1749),#1767,.T.);
#1749 = FACE_BOUND('',#1750,.T.);
#1750 = EDGE_LOOP('',(#1751,#1759,#1760,#1761));
#1751 = ORIENTED_EDGE('',*,*,#1752,.F.);
#1752 = EDGE_CURVE('',#1729,#1753,#1755,.T.);
#1753 = VERTEX_POINT('',#1754);
#1754 = CARTESIAN_POINT('',(-8.,1.,-39.5));
#1755 = LINE('',#1756,#1757);
#1756 = CARTESIAN_POINT('',(-8.,1.,-42.));
#1757 = VECTOR('',#1758,1.);
#1758 = DIRECTION('',(0.,0.,1.));
#1759 = ORIENTED_EDGE('',*,*,#1738,.T.);
#1760 = ORIENTED_EDGE('',*,*,#1667,.F.);
#1761 = ORIENTED_EDGE('',*,*,#1762,.F.);
#1762 = EDGE_CURVE('',#1753,#1660,#1763,.T.);
#1763 = LINE('',#1764,#1765);
#1764 = CARTESIAN_POINT('',(-8.,1.,-39.5));
#1765 = VECTOR('',#1766,1.);
#1766 = DIRECTION('',(0.,1.,0.));
#1767 = PLANE('',#1768);
#1768 = AXIS2_PLACEMENT_3D('',#1769,#1770,#1771);
#1769 = CARTESIAN_POINT('',(-8.,1.,-39.5));
#1770 = DIRECTION('',(1.,0.,0.));
#1771 = DIRECTION('',(0.,0.,-1.));
#1772 = ADVANCED_FACE('',(#1773),#1784,.T.);
#1773 = FACE_BOUND('',#1774,.T.);
#1774 = EDGE_LOOP('',(#1775,#1781,#1782,#1783));
#1775 = ORIENTED_EDGE('',*,*,#1776,.F.);
#1776 = EDGE_CURVE('',#1753,#1698,#1777,.T.);
#1777 = LINE('',#1778,#1779);
#1778 = CARTESIAN_POINT('',(-8.,1.,-39.5));
#1779 = VECTOR('',#1780,1.);
#1780 = DIRECTION('',(-1.,0.,0.));
#1781 = ORIENTED_EDGE('',*,*,#1762,.T.);
#1782 = ORIENTED_EDGE('',*,*,#1657,.F.);
#1783 = ORIENTED_EDGE('',*,*,#1707,.F.);
#1784 = PLANE('',#1785);
#1785 = AXIS2_PLACEMENT_3D('',#1786,#1787,#1788);
#1786 = CARTESIAN_POINT('',(-9.5,1.,-39.5));
#1787 = DIRECTION('',(0.,0.,1.));
#1788 = DIRECTION('',(1.,0.,-0.));
#1789 = ADVANCED_FACE('',(#1790),#1796,.F.);
#1790 = FACE_BOUND('',#1791,.T.);
#1791 = EDGE_LOOP('',(#1792,#1793,#1794,#1795));
#1792 = ORIENTED_EDGE('',*,*,#1776,.T.);
#1793 = ORIENTED_EDGE('',*,*,#1697,.T.);
#1794 = ORIENTED_EDGE('',*,*,#1728,.T.);
#1795 = ORIENTED_EDGE('',*,*,#1752,.T.);
#1796 = PLANE('',#1797);
#1797 = AXIS2_PLACEMENT_3D('',#1798,#1799,#1800);
#1798 = CARTESIAN_POINT('',(-8.75,1.,-40.75));
#1799 = DIRECTION('',(0.,1.,0.));
#1800 = DIRECTION('',(-1.,0.,0.));
#1801 = ( GEOMETRIC_REPRESENTATION_CONTEXT(3) 
GLOBAL_UNCERTAINTY_ASSIGNED_CONTEXT((#1805)) 
GLOBAL_UNIT_ASSIGNED_CONTEXT((#1802,#1803,#1804)) REPRESENTATION_CONTEXT
('Context #1','3D Context with UNIT and UNCERTAINTY') );
#1802 = ( LENGTH_UNIT() NAMED_UNIT(*) SI_UNIT(.MILLI.,.METRE.) );
#1803 = ( NAMED_UNIT(*) PLANE_ANGLE_UNIT() SI_UNIT($,.RADIAN.) );
#1804 = ( NAMED_UNIT(*) SI_UNIT($,.STERADIAN.) SOLID_ANGLE_UNIT() );
#1805 = UNCERTAINTY_MEASURE_WITH_UNIT(LENGTH_MEASURE(1.E-07),#1802,
  'distance_accuracy_value','confusion accuracy');
#1806 = CONTEXT_DEPENDENT_SHAPE_REPRESENTATION(#1807,#1809);
#1807 = ( REPRESENTATION_RELATIONSHIP('','',#1650,#32) 
REPRESENTATION_RELATIONSHIP_WITH_TRANSFORMATION(#1808) 
SHAPE_REPRESENTATION_RELATIONSHIP() );
#1808 = ITEM_DEFINED_TRANSFORMATION('','',#11,#61);
#1809 = PRODUCT_DEFINITION_SHAPE('Placement','Placement of an item',
  #1810);
#1810 = NEXT_ASSEMBLY_USAGE_OCCURRENCE('8','COMPOUND007','',#27,#1645,$
  );
#1811 = PRODUCT_RELATED_PRODUCT_CATEGORY('part',$,(#1647));
#1812 = SHAPE_DEFINITION_REPRESENTATION(#1813,#1819);
#1813 = PRODUCT_DEFINITION_SHAPE('','',#1814);
#1814 = PRODUCT_DEFINITION('design','',#1815,#1818);
#1815 = PRODUCT_DEFINITION_FORMATION('','',#1816);
#1816 = PRODUCT('COMPOUND008','COMPOUND008','',(#1817));
#1817 = PRODUCT_CONTEXT('',#2,'mechanical');
#1818 = PRODUCT_DEFINITION_CONTEXT('part definition',#2,'design');
#1819 = ADVANCED_BREP_SHAPE_REPRESENTATION('',(#11,#1820),#1970);
#1820 = MANIFOLD_SOLID_BREP('',#1821);
#1821 = CLOSED_SHELL('',(#1822,#1862,#1893,#1924,#1946,#1958));
#1822 = ADVANCED_FACE('',(#1823),#1857,.T.);
#1823 = FACE_BOUND('',#1824,.T.);
#1824 = EDGE_LOOP('',(#1825,#1835,#1843,#1851));
#1825 = ORIENTED_EDGE('',*,*,#1826,.F.);
#1826 = EDGE_CURVE('',#1827,#1829,#1831,.T.);
#1827 = VERTEX_POINT('',#1828);
#1828 = CARTESIAN_POINT('',(6.1,1.,-33.));
#1829 = VERTEX_POINT('',#1830);
#1830 = CARTESIAN_POINT('',(6.1,1.,-35.5));
#1831 = LINE('',#1832,#1833);
#1832 = CARTESIAN_POINT('',(6.1,1.,-33.));
#1833 = VECTOR('',#1834,1.);
#1834 = DIRECTION('',(0.,0.,-1.));
#1835 = ORIENTED_EDGE('',*,*,#1836,.T.);
#1836 = EDGE_CURVE('',#1827,#1837,#1839,.T.);
#1837 = VERTEX_POINT('',#1838);
#1838 = CARTESIAN_POINT('',(6.1,1.5,-33.));
#1839 = LINE('',#1840,#1841);
#1840 = CARTESIAN_POINT('',(6.1,1.,-33.));
#1841 = VECTOR('',#1842,1.);
#1842 = DIRECTION('',(0.,1.,0.));
#1843 = ORIENTED_EDGE('',*,*,#1844,.F.);
#1844 = EDGE_CURVE('',#1845,#1837,#1847,.T.);
#1845 = VERTEX_POINT('',#1846);
#1846 = CARTESIAN_POINT('',(6.1,1.5,-35.5));
#1847 = LINE('',#1848,#1849);
#1848 = CARTESIAN_POINT('',(6.1,1.5,-33.));
#1849 = VECTOR('',#1850,1.);
#1850 = DIRECTION('',(0.,0.,1.));
#1851 = ORIENTED_EDGE('',*,*,#1852,.F.);
#1852 = EDGE_CURVE('',#1829,#1845,#1853,.T.);
#1853 = LINE('',#1854,#1855);
#1854 = CARTESIAN_POINT('',(6.1,1.,-35.5));
#1855 = VECTOR('',#1856,1.);
#1856 = DIRECTION('',(0.,1.,0.));
#1857 = PLANE('',#1858);
#1858 = AXIS2_PLACEMENT_3D('',#1859,#1860,#1861);
#1859 = CARTESIAN_POINT('',(6.1,1.,-35.5));
#1860 = DIRECTION('',(-1.,0.,0.));
#1861 = DIRECTION('',(0.,0.,1.));
#1862 = ADVANCED_FACE('',(#1863),#1888,.T.);
#1863 = FACE_BOUND('',#1864,.T.);
#1864 = EDGE_LOOP('',(#1865,#1873,#1874,#1882));
#1865 = ORIENTED_EDGE('',*,*,#1866,.F.);
#1866 = EDGE_CURVE('',#1829,#1867,#1869,.T.);
#1867 = VERTEX_POINT('',#1868);
#1868 = CARTESIAN_POINT('',(7.6,1.,-35.5));
#1869 = LINE('',#1870,#1871);
#1870 = CARTESIAN_POINT('',(6.1,1.,-35.5));
#1871 = VECTOR('',#1872,1.);
#1872 = DIRECTION('',(1.,0.,0.));
#1873 = ORIENTED_EDGE('',*,*,#1852,.T.);
#1874 = ORIENTED_EDGE('',*,*,#1875,.F.);
#1875 = EDGE_CURVE('',#1876,#1845,#1878,.T.);
#1876 = VERTEX_POINT('',#1877);
#1877 = CARTESIAN_POINT('',(7.6,1.5,-35.5));
#1878 = LINE('',#1879,#1880);
#1879 = CARTESIAN_POINT('',(6.1,1.5,-35.5));
#1880 = VECTOR('',#1881,1.);
#1881 = DIRECTION('',(-1.,0.,0.));
#1882 = ORIENTED_EDGE('',*,*,#1883,.F.);
#1883 = EDGE_CURVE('',#1867,#1876,#1884,.T.);
#1884 = LINE('',#1885,#1886);
#1885 = CARTESIAN_POINT('',(7.6,1.,-35.5));
#1886 = VECTOR('',#1887,1.);
#1887 = DIRECTION('',(0.,1.,0.));
#1888 = PLANE('',#1889);
#1889 = AXIS2_PLACEMENT_3D('',#1890,#1891,#1892);
#1890 = CARTESIAN_POINT('',(7.6,1.,-35.5));
#1891 = DIRECTION('',(0.,0.,-1.));
#1892 = DIRECTION('',(-1.,0.,0.));
#1893 = ADVANCED_FACE('',(#1894),#1919,.T.);
#1894 = FACE_BOUND('',#1895,.T.);
#1895 = EDGE_LOOP('',(#1896,#1904,#1905,#1913));
#1896 = ORIENTED_EDGE('',*,*,#1897,.F.);
#1897 = EDGE_CURVE('',#1867,#1898,#1900,.T.);
#1898 = VERTEX_POINT('',#1899);
#1899 = CARTESIAN_POINT('',(7.6,1.,-33.));
#1900 = LINE('',#1901,#1902);
#1901 = CARTESIAN_POINT('',(7.6,1.,-35.5));
#1902 = VECTOR('',#1903,1.);
#1903 = DIRECTION('',(0.,0.,1.));
#1904 = ORIENTED_EDGE('',*,*,#1883,.T.);
#1905 = ORIENTED_EDGE('',*,*,#1906,.F.);
#1906 = EDGE_CURVE('',#1907,#1876,#1909,.T.);
#1907 = VERTEX_POINT('',#1908);
#1908 = CARTESIAN_POINT('',(7.6,1.5,-33.));
#1909 = LINE('',#1910,#1911);
#1910 = CARTESIAN_POINT('',(7.6,1.5,-35.5));
#1911 = VECTOR('',#1912,1.);
#1912 = DIRECTION('',(0.,0.,-1.));
#1913 = ORIENTED_EDGE('',*,*,#1914,.F.);
#1914 = EDGE_CURVE('',#1898,#1907,#1915,.T.);
#1915 = LINE('',#1916,#1917);
#1916 = CARTESIAN_POINT('',(7.6,1.,-33.));
#1917 = VECTOR('',#1918,1.);
#1918 = DIRECTION('',(0.,1.,0.));
#1919 = PLANE('',#1920);
#1920 = AXIS2_PLACEMENT_3D('',#1921,#1922,#1923);
#1921 = CARTESIAN_POINT('',(7.6,1.,-33.));
#1922 = DIRECTION('',(1.,0.,0.));
#1923 = DIRECTION('',(0.,0.,-1.));
#1924 = ADVANCED_FACE('',(#1925),#1941,.T.);
#1925 = FACE_BOUND('',#1926,.T.);
#1926 = EDGE_LOOP('',(#1927,#1933,#1934,#1940));
#1927 = ORIENTED_EDGE('',*,*,#1928,.F.);
#1928 = EDGE_CURVE('',#1898,#1827,#1929,.T.);
#1929 = LINE('',#1930,#1931);
#1930 = CARTESIAN_POINT('',(7.6,1.,-33.));
#1931 = VECTOR('',#1932,1.);
#1932 = DIRECTION('',(-1.,0.,0.));
#1933 = ORIENTED_EDGE('',*,*,#1914,.T.);
#1934 = ORIENTED_EDGE('',*,*,#1935,.F.);
#1935 = EDGE_CURVE('',#1837,#1907,#1936,.T.);
#1936 = LINE('',#1937,#1938);
#1937 = CARTESIAN_POINT('',(7.6,1.5,-33.));
#1938 = VECTOR('',#1939,1.);
#1939 = DIRECTION('',(1.,0.,0.));
#1940 = ORIENTED_EDGE('',*,*,#1836,.F.);
#1941 = PLANE('',#1942);
#1942 = AXIS2_PLACEMENT_3D('',#1943,#1944,#1945);
#1943 = CARTESIAN_POINT('',(6.1,1.,-33.));
#1944 = DIRECTION('',(0.,0.,1.));
#1945 = DIRECTION('',(1.,0.,-0.));
#1946 = ADVANCED_FACE('',(#1947),#1953,.T.);
#1947 = FACE_BOUND('',#1948,.T.);
#1948 = EDGE_LOOP('',(#1949,#1950,#1951,#1952));
#1949 = ORIENTED_EDGE('',*,*,#1935,.T.);
#1950 = ORIENTED_EDGE('',*,*,#1906,.T.);
#1951 = ORIENTED_EDGE('',*,*,#1875,.T.);
#1952 = ORIENTED_EDGE('',*,*,#1844,.T.);
#1953 = PLANE('',#1954);
#1954 = AXIS2_PLACEMENT_3D('',#1955,#1956,#1957);
#1955 = CARTESIAN_POINT('',(6.85,1.5,-34.25));
#1956 = DIRECTION('',(0.,1.,0.));
#1957 = DIRECTION('',(0.,-0.,1.));
#1958 = ADVANCED_FACE('',(#1959),#1965,.F.);
#1959 = FACE_BOUND('',#1960,.T.);
#1960 = EDGE_LOOP('',(#1961,#1962,#1963,#1964));
#1961 = ORIENTED_EDGE('',*,*,#1928,.T.);
#1962 = ORIENTED_EDGE('',*,*,#1826,.T.);
#1963 = ORIENTED_EDGE('',*,*,#1866,.T.);
#1964 = ORIENTED_EDGE('',*,*,#1897,.T.);
#1965 = PLANE('',#1966);
#1966 = AXIS2_PLACEMENT_3D('',#1967,#1968,#1969);
#1967 = CARTESIAN_POINT('',(6.85,1.,-34.25));
#1968 = DIRECTION('',(0.,1.,0.));
#1969 = DIRECTION('',(-1.,0.,0.));
#1970 = ( GEOMETRIC_REPRESENTATION_CONTEXT(3) 
GLOBAL_UNCERTAINTY_ASSIGNED_CONTEXT((#1974)) 
GLOBAL_UNIT_ASSIGNED_CONTEXT((#1971,#1972,#1973)) REPRESENTATION_CONTEXT
('Context #1','3D Context with UNIT and UNCERTAINTY') );
#1971 = ( LENGTH_UNIT() NAMED_UNIT(*) SI_UNIT(.MILLI.,.METRE.) );
#1972 = ( NAMED_UNIT(*) PLANE_ANGLE_UNIT() SI_UNIT($,.RADIAN.) );
#1973 = ( NAMED_UNIT(*) SI_UNIT($,.STERADIAN.) SOLID_ANGLE_UNIT() );
#1974 = UNCERTAINTY_MEASURE_WITH_UNIT(LENGTH_MEASURE(1.E-07),#1971,
  'distance_accuracy_value','confusion accuracy');
#1975 = CONTEXT_DEPENDENT_SHAPE_REPRESENTATION(#1976,#1978);
#1976 = ( REPRESENTATION_RELATIONSHIP('','',#1819,#32) 
REPRESENTATION_RELATIONSHIP_WITH_TRANSFORMATION(#1977) 
SHAPE_REPRESENTATION_RELATIONSHIP() );
#1977 = ITEM_DEFINED_TRANSFORMATION('','',#11,#65);
#1978 = PRODUCT_DEFINITION_SHAPE('Placement','Placement of an item',
  #1979);
#1979 = NEXT_ASSEMBLY_USAGE_OCCURRENCE('9','COMPOUND008','',#27,#1814,$
  );
#1980 = PRODUCT_RELATED_PRODUCT_CATEGORY('part',$,(#1816));
#1981 = SHAPE_DEFINITION_REPRESENTATION(#1982,#1988);
#1982 = PRODUCT_DEFINITION_SHAPE('','',#1983);
#1983 = PRODUCT_DEFINITION('design','',#1984,#1987);
#1984 = PRODUCT_DEFINITION_FORMATION('','',#1985);
#1985 = PRODUCT('COMPOUND009','COMPOUND009','',(#1986));
#1986 = PRODUCT_CONTEXT('',#2,'mechanical');
#1987 = PRODUCT_DEFINITION_CONTEXT('part definition',#2,'design');
#1988 = ADVANCED_BREP_SHAPE_REPRESENTATION('',(#11,#1989),#2139);
#1989 = MANIFOLD_SOLID_BREP('',#1990);
#1990 = CLOSED_SHELL('',(#1991,#2031,#2062,#2093,#2115,#2127));
#1991 = ADVANCED_FACE('',(#1992),#2026,.T.);
#1992 = FACE_BOUND('',#1993,.T.);
#1993 = EDGE_LOOP('',(#1994,#2004,#2012,#2020));
#1994 = ORIENTED_EDGE('',*,*,#1995,.F.);
#1995 = EDGE_CURVE('',#1996,#1998,#2000,.T.);
#1996 = VERTEX_POINT('',#1997);
#1997 = CARTESIAN_POINT('',(6.1,1.,-38.5));
#1998 = VERTEX_POINT('',#1999);
#1999 = CARTESIAN_POINT('',(6.1,1.,-41.));
#2000 = LINE('',#2001,#2002);
#2001 = CARTESIAN_POINT('',(6.1,1.,-38.5));
#2002 = VECTOR('',#2003,1.);
#2003 = DIRECTION('',(0.,0.,-1.));
#2004 = ORIENTED_EDGE('',*,*,#2005,.T.);
#2005 = EDGE_CURVE('',#1996,#2006,#2008,.T.);
#2006 = VERTEX_POINT('',#2007);
#2007 = CARTESIAN_POINT('',(6.1,1.5,-38.5));
#2008 = LINE('',#2009,#2010);
#2009 = CARTESIAN_POINT('',(6.1,1.,-38.5));
#2010 = VECTOR('',#2011,1.);
#2011 = DIRECTION('',(0.,1.,0.));
#2012 = ORIENTED_EDGE('',*,*,#2013,.F.);
#2013 = EDGE_CURVE('',#2014,#2006,#2016,.T.);
#2014 = VERTEX_POINT('',#2015);
#2015 = CARTESIAN_POINT('',(6.1,1.5,-41.));
#2016 = LINE('',#2017,#2018);
#2017 = CARTESIAN_POINT('',(6.1,1.5,-38.5));
#2018 = VECTOR('',#2019,1.);
#2019 = DIRECTION('',(0.,0.,1.));
#2020 = ORIENTED_EDGE('',*,*,#2021,.F.);
#2021 = EDGE_CURVE('',#1998,#2014,#2022,.T.);
#2022 = LINE('',#2023,#2024);
#2023 = CARTESIAN_POINT('',(6.1,1.,-41.));
#2024 = VECTOR('',#2025,1.);
#2025 = DIRECTION('',(0.,1.,0.));
#2026 = PLANE('',#2027);
#2027 = AXIS2_PLACEMENT_3D('',#2028,#2029,#2030);
#2028 = CARTESIAN_POINT('',(6.1,1.,-41.));
#2029 = DIRECTION('',(-1.,0.,0.));
#2030 = DIRECTION('',(0.,0.,1.));
#2031 = ADVANCED_FACE('',(#2032),#2057,.T.);
#2032 = FACE_BOUND('',#2033,.T.);
#2033 = EDGE_LOOP('',(#2034,#2042,#2043,#2051));
#2034 = ORIENTED_EDGE('',*,*,#2035,.F.);
#2035 = EDGE_CURVE('',#1998,#2036,#2038,.T.);
#2036 = VERTEX_POINT('',#2037);
#2037 = CARTESIAN_POINT('',(7.6,1.,-41.));
#2038 = LINE('',#2039,#2040);
#2039 = CARTESIAN_POINT('',(6.1,1.,-41.));
#2040 = VECTOR('',#2041,1.);
#2041 = DIRECTION('',(1.,0.,0.));
#2042 = ORIENTED_EDGE('',*,*,#2021,.T.);
#2043 = ORIENTED_EDGE('',*,*,#2044,.F.);
#2044 = EDGE_CURVE('',#2045,#2014,#2047,.T.);
#2045 = VERTEX_POINT('',#2046);
#2046 = CARTESIAN_POINT('',(7.6,1.5,-41.));
#2047 = LINE('',#2048,#2049);
#2048 = CARTESIAN_POINT('',(6.1,1.5,-41.));
#2049 = VECTOR('',#2050,1.);
#2050 = DIRECTION('',(-1.,0.,0.));
#2051 = ORIENTED_EDGE('',*,*,#2052,.F.);
#2052 = EDGE_CURVE('',#2036,#2045,#2053,.T.);
#2053 = LINE('',#2054,#2055);
#2054 = CARTESIAN_POINT('',(7.6,1.,-41.));
#2055 = VECTOR('',#2056,1.);
#2056 = DIRECTION('',(0.,1.,0.));
#2057 = PLANE('',#2058);
#2058 = AXIS2_PLACEMENT_3D('',#2059,#2060,#2061);
#2059 = CARTESIAN_POINT('',(7.6,1.,-41.));
#2060 = DIRECTION('',(0.,0.,-1.));
#2061 = DIRECTION('',(-1.,0.,0.));
#2062 = ADVANCED_FACE('',(#2063),#2088,.T.);
#2063 = FACE_BOUND('',#2064,.T.);
#2064 = EDGE_LOOP('',(#2065,#2073,#2074,#2082));
#2065 = ORIENTED_EDGE('',*,*,#2066,.F.);
#2066 = EDGE_CURVE('',#2036,#2067,#2069,.T.);
#2067 = VERTEX_POINT('',#2068);
#2068 = CARTESIAN_POINT('',(7.6,1.,-38.5));
#2069 = LINE('',#2070,#2071);
#2070 = CARTESIAN_POINT('',(7.6,1.,-41.));
#2071 = VECTOR('',#2072,1.);
#2072 = DIRECTION('',(0.,0.,1.));
#2073 = ORIENTED_EDGE('',*,*,#2052,.T.);
#2074 = ORIENTED_EDGE('',*,*,#2075,.F.);
#2075 = EDGE_CURVE('',#2076,#2045,#2078,.T.);
#2076 = VERTEX_POINT('',#2077);
#2077 = CARTESIAN_POINT('',(7.6,1.5,-38.5));
#2078 = LINE('',#2079,#2080);
#2079 = CARTESIAN_POINT('',(7.6,1.5,-41.));
#2080 = VECTOR('',#2081,1.);
#2081 = DIRECTION('',(0.,0.,-1.));
#2082 = ORIENTED_EDGE('',*,*,#2083,.F.);
#2083 = EDGE_CURVE('',#2067,#2076,#2084,.T.);
#2084 = LINE('',#2085,#2086);
#2085 = CARTESIAN_POINT('',(7.6,1.,-38.5));
#2086 = VECTOR('',#2087,1.);
#2087 = DIRECTION('',(0.,1.,0.));
#2088 = PLANE('',#2089);
#2089 = AXIS2_PLACEMENT_3D('',#2090,#2091,#2092);
#2090 = CARTESIAN_POINT('',(7.6,1.,-38.5));
#2091 = DIRECTION('',(1.,0.,0.));
#2092 = DIRECTION('',(0.,0.,-1.));
#2093 = ADVANCED_FACE('',(#2094),#2110,.T.);
#2094 = FACE_BOUND('',#2095,.T.);
#2095 = EDGE_LOOP('',(#2096,#2102,#2103,#2109));
#2096 = ORIENTED_EDGE('',*,*,#2097,.F.);
#2097 = EDGE_CURVE('',#2067,#1996,#2098,.T.);
#2098 = LINE('',#2099,#2100);
#2099 = CARTESIAN_POINT('',(7.6,1.,-38.5));
#2100 = VECTOR('',#2101,1.);
#2101 = DIRECTION('',(-1.,0.,2.960594732334E-15));
#2102 = ORIENTED_EDGE('',*,*,#2083,.T.);
#2103 = ORIENTED_EDGE('',*,*,#2104,.F.);
#2104 = EDGE_CURVE('',#2006,#2076,#2105,.T.);
#2105 = LINE('',#2106,#2107);
#2106 = CARTESIAN_POINT('',(7.6,1.5,-38.5));
#2107 = VECTOR('',#2108,1.);
#2108 = DIRECTION('',(1.,0.,-2.960594732334E-15));
#2109 = ORIENTED_EDGE('',*,*,#2005,.F.);
#2110 = PLANE('',#2111);
#2111 = AXIS2_PLACEMENT_3D('',#2112,#2113,#2114);
#2112 = CARTESIAN_POINT('',(6.1,1.,-38.5));
#2113 = DIRECTION('',(2.960594732334E-15,0.,1.));
#2114 = DIRECTION('',(1.,0.,-2.960594732334E-15));
#2115 = ADVANCED_FACE('',(#2116),#2122,.T.);
#2116 = FACE_BOUND('',#2117,.T.);
#2117 = EDGE_LOOP('',(#2118,#2119,#2120,#2121));
#2118 = ORIENTED_EDGE('',*,*,#2104,.T.);
#2119 = ORIENTED_EDGE('',*,*,#2075,.T.);
#2120 = ORIENTED_EDGE('',*,*,#2044,.T.);
#2121 = ORIENTED_EDGE('',*,*,#2013,.T.);
#2122 = PLANE('',#2123);
#2123 = AXIS2_PLACEMENT_3D('',#2124,#2125,#2126);
#2124 = CARTESIAN_POINT('',(6.85,1.5,-39.75));
#2125 = DIRECTION('',(0.,1.,0.));
#2126 = DIRECTION('',(0.,-0.,1.));
#2127 = ADVANCED_FACE('',(#2128),#2134,.F.);
#2128 = FACE_BOUND('',#2129,.T.);
#2129 = EDGE_LOOP('',(#2130,#2131,#2132,#2133));
#2130 = ORIENTED_EDGE('',*,*,#2097,.T.);
#2131 = ORIENTED_EDGE('',*,*,#1995,.T.);
#2132 = ORIENTED_EDGE('',*,*,#2035,.T.);
#2133 = ORIENTED_EDGE('',*,*,#2066,.T.);
#2134 = PLANE('',#2135);
#2135 = AXIS2_PLACEMENT_3D('',#2136,#2137,#2138);
#2136 = CARTESIAN_POINT('',(6.85,1.,-39.75));
#2137 = DIRECTION('',(0.,1.,0.));
#2138 = DIRECTION('',(-1.,0.,0.));
#2139 = ( GEOMETRIC_REPRESENTATION_CONTEXT(3) 
GLOBAL_UNCERTAINTY_ASSIGNED_CONTEXT((#2143)) 
GLOBAL_UNIT_ASSIGNED_CONTEXT((#2140,#2141,#2142)) REPRESENTATION_CONTEXT
('Context #1','3D Context with UNIT and UNCERTAINTY') );
#2140 = ( LENGTH_UNIT() NAMED_UNIT(*) SI_UNIT(.MILLI.,.METRE.) );
#2141 = ( NAMED_UNIT(*) PLANE_ANGLE_UNIT() SI_UNIT($,.RADIAN.) );
#2142 = ( NAMED_UNIT(*) SI_UNIT($,.STERADIAN.) SOLID_ANGLE_UNIT() );
#2143 = UNCERTAINTY_MEASURE_WITH_UNIT(LENGTH_MEASURE(1.E-07),#2140,
  'distance_accuracy_value','confusion accuracy');
#2144 = CONTEXT_DEPENDENT_SHAPE_REPRESENTATION(#2145,#2147);
#2145 = ( REPRESENTATION_RELATIONSHIP('','',#1988,#32) 
REPRESENTATION_RELATIONSHIP_WITH_TRANSFORMATION(#2146) 
SHAPE_REPRESENTATION_RELATIONSHIP() );
#2146 = ITEM_DEFINED_TRANSFORMATION('','',#11,#69);
#2147 = PRODUCT_DEFINITION_SHAPE('Placement','Placement of an item',
  #2148);
#2148 = NEXT_ASSEMBLY_USAGE_OCCURRENCE('10','COMPOUND009','',#27,#1983,$
  );
#2149 = PRODUCT_RELATED_PRODUCT_CATEGORY('part',$,(#1985));
#2150 = SHAPE_DEFINITION_REPRESENTATION(#2151,#2157);
#2151 = PRODUCT_DEFINITION_SHAPE('','',#2152);
#2152 = PRODUCT_DEFINITION('design','',#2153,#2156);
#2153 = PRODUCT_DEFINITION_FORMATION('','',#2154);
#2154 = PRODUCT('COMPOUND010','COMPOUND010','',(#2155));
#2155 = PRODUCT_CONTEXT('',#2,'mechanical');
#2156 = PRODUCT_DEFINITION_CONTEXT('part definition',#2,'design');
#2157 = ADVANCED_BREP_SHAPE_REPRESENTATION('',(#11,#2158),#2308);
#2158 = MANIFOLD_SOLID_BREP('',#2159);
#2159 = CLOSED_SHELL('',(#2160,#2200,#2231,#2255,#2279,#2296));
#2160 = ADVANCED_FACE('',(#2161),#2195,.T.);
#2161 = FACE_BOUND('',#2162,.T.);
#2162 = EDGE_LOOP('',(#2163,#2173,#2181,#2189));
#2163 = ORIENTED_EDGE('',*,*,#2164,.T.);
#2164 = EDGE_CURVE('',#2165,#2167,#2169,.T.);
#2165 = VERTEX_POINT('',#2166);
#2166 = CARTESIAN_POINT('',(-7.,2.,-39.5));
#2167 = VERTEX_POINT('',#2168);
#2168 = CARTESIAN_POINT('',(-5.5,2.,-39.5));
#2169 = LINE('',#2170,#2171);
#2170 = CARTESIAN_POINT('',(-5.5,2.,-39.5));
#2171 = VECTOR('',#2172,1.);
#2172 = DIRECTION('',(1.,0.,0.));
#2173 = ORIENTED_EDGE('',*,*,#2174,.T.);
#2174 = EDGE_CURVE('',#2167,#2175,#2177,.T.);
#2175 = VERTEX_POINT('',#2176);
#2176 = CARTESIAN_POINT('',(-5.5,2.,-42.));
#2177 = LINE('',#2178,#2179);
#2178 = CARTESIAN_POINT('',(-5.5,2.,-42.));
#2179 = VECTOR('',#2180,1.);
#2180 = DIRECTION('',(0.,0.,-1.));
#2181 = ORIENTED_EDGE('',*,*,#2182,.T.);
#2182 = EDGE_CURVE('',#2175,#2183,#2185,.T.);
#2183 = VERTEX_POINT('',#2184);
#2184 = CARTESIAN_POINT('',(-7.,2.,-42.));
#2185 = LINE('',#2186,#2187);
#2186 = CARTESIAN_POINT('',(-7.,2.,-42.));
#2187 = VECTOR('',#2188,1.);
#2188 = DIRECTION('',(-1.,0.,0.));
#2189 = ORIENTED_EDGE('',*,*,#2190,.T.);
#2190 = EDGE_CURVE('',#2183,#2165,#2191,.T.);
#2191 = LINE('',#2192,#2193);
#2192 = CARTESIAN_POINT('',(-7.,2.,-39.5));
#2193 = VECTOR('',#2194,1.);
#2194 = DIRECTION('',(0.,0.,1.));
#2195 = PLANE('',#2196);
#2196 = AXIS2_PLACEMENT_3D('',#2197,#2198,#2199);
#2197 = CARTESIAN_POINT('',(-6.25,2.,-40.75));
#2198 = DIRECTION('',(0.,1.,0.));
#2199 = DIRECTION('',(0.,-0.,1.));
#2200 = ADVANCED_FACE('',(#2201),#2226,.T.);
#2201 = FACE_BOUND('',#2202,.T.);
#2202 = EDGE_LOOP('',(#2203,#2213,#2219,#2220));
#2203 = ORIENTED_EDGE('',*,*,#2204,.F.);
#2204 = EDGE_CURVE('',#2205,#2207,#2209,.T.);
#2205 = VERTEX_POINT('',#2206);
#2206 = CARTESIAN_POINT('',(-7.,1.,-39.5));
#2207 = VERTEX_POINT('',#2208);
#2208 = CARTESIAN_POINT('',(-7.,1.,-42.));
#2209 = LINE('',#2210,#2211);
#2210 = CARTESIAN_POINT('',(-7.,1.,-39.5));
#2211 = VECTOR('',#2212,1.);
#2212 = DIRECTION('',(0.,0.,-1.));
#2213 = ORIENTED_EDGE('',*,*,#2214,.T.);
#2214 = EDGE_CURVE('',#2205,#2165,#2215,.T.);
#2215 = LINE('',#2216,#2217);
#2216 = CARTESIAN_POINT('',(-7.,1.,-39.5));
#2217 = VECTOR('',#2218,1.);
#2218 = DIRECTION('',(0.,1.,0.));
#2219 = ORIENTED_EDGE('',*,*,#2190,.F.);
#2220 = ORIENTED_EDGE('',*,*,#2221,.F.);
#2221 = EDGE_CURVE('',#2207,#2183,#2222,.T.);
#2222 = LINE('',#2223,#2224);
#2223 = CARTESIAN_POINT('',(-7.,1.,-42.));
#2224 = VECTOR('',#2225,1.);
#2225 = DIRECTION('',(0.,1.,0.));
#2226 = PLANE('',#2227);
#2227 = AXIS2_PLACEMENT_3D('',#2228,#2229,#2230);
#2228 = CARTESIAN_POINT('',(-7.,1.,-42.));
#2229 = DIRECTION('',(-1.,0.,0.));
#2230 = DIRECTION('',(0.,0.,1.));
#2231 = ADVANCED_FACE('',(#2232),#2250,.T.);
#2232 = FACE_BOUND('',#2233,.T.);
#2233 = EDGE_LOOP('',(#2234,#2242,#2243,#2244));
#2234 = ORIENTED_EDGE('',*,*,#2235,.F.);
#2235 = EDGE_CURVE('',#2207,#2236,#2238,.T.);
#2236 = VERTEX_POINT('',#2237);
#2237 = CARTESIAN_POINT('',(-5.5,1.,-42.));
#2238 = LINE('',#2239,#2240);
#2239 = CARTESIAN_POINT('',(-7.,1.,-42.));
#2240 = VECTOR('',#2241,1.);
#2241 = DIRECTION('',(1.,0.,0.));
#2242 = ORIENTED_EDGE('',*,*,#2221,.T.);
#2243 = ORIENTED_EDGE('',*,*,#2182,.F.);
#2244 = ORIENTED_EDGE('',*,*,#2245,.F.);
#2245 = EDGE_CURVE('',#2236,#2175,#2246,.T.);
#2246 = LINE('',#2247,#2248);
#2247 = CARTESIAN_POINT('',(-5.5,1.,-42.));
#2248 = VECTOR('',#2249,1.);
#2249 = DIRECTION('',(0.,1.,0.));
#2250 = PLANE('',#2251);
#2251 = AXIS2_PLACEMENT_3D('',#2252,#2253,#2254);
#2252 = CARTESIAN_POINT('',(-5.5,1.,-42.));
#2253 = DIRECTION('',(0.,0.,-1.));
#2254 = DIRECTION('',(-1.,0.,0.));
#2255 = ADVANCED_FACE('',(#2256),#2274,.T.);
#2256 = FACE_BOUND('',#2257,.T.);
#2257 = EDGE_LOOP('',(#2258,#2266,#2267,#2268));
#2258 = ORIENTED_EDGE('',*,*,#2259,.F.);
#2259 = EDGE_CURVE('',#2236,#2260,#2262,.T.);
#2260 = VERTEX_POINT('',#2261);
#2261 = CARTESIAN_POINT('',(-5.5,1.,-39.5));
#2262 = LINE('',#2263,#2264);
#2263 = CARTESIAN_POINT('',(-5.5,1.,-42.));
#2264 = VECTOR('',#2265,1.);
#2265 = DIRECTION('',(0.,0.,1.));
#2266 = ORIENTED_EDGE('',*,*,#2245,.T.);
#2267 = ORIENTED_EDGE('',*,*,#2174,.F.);
#2268 = ORIENTED_EDGE('',*,*,#2269,.F.);
#2269 = EDGE_CURVE('',#2260,#2167,#2270,.T.);
#2270 = LINE('',#2271,#2272);
#2271 = CARTESIAN_POINT('',(-5.5,1.,-39.5));
#2272 = VECTOR('',#2273,1.);
#2273 = DIRECTION('',(0.,1.,0.));
#2274 = PLANE('',#2275);
#2275 = AXIS2_PLACEMENT_3D('',#2276,#2277,#2278);
#2276 = CARTESIAN_POINT('',(-5.5,1.,-39.5));
#2277 = DIRECTION('',(1.,0.,0.));
#2278 = DIRECTION('',(0.,0.,-1.));
#2279 = ADVANCED_FACE('',(#2280),#2291,.T.);
#2280 = FACE_BOUND('',#2281,.T.);
#2281 = EDGE_LOOP('',(#2282,#2288,#2289,#2290));
#2282 = ORIENTED_EDGE('',*,*,#2283,.F.);
#2283 = EDGE_CURVE('',#2260,#2205,#2284,.T.);
#2284 = LINE('',#2285,#2286);
#2285 = CARTESIAN_POINT('',(-5.5,1.,-39.5));
#2286 = VECTOR('',#2287,1.);
#2287 = DIRECTION('',(-1.,0.,0.));
#2288 = ORIENTED_EDGE('',*,*,#2269,.T.);
#2289 = ORIENTED_EDGE('',*,*,#2164,.F.);
#2290 = ORIENTED_EDGE('',*,*,#2214,.F.);
#2291 = PLANE('',#2292);
#2292 = AXIS2_PLACEMENT_3D('',#2293,#2294,#2295);
#2293 = CARTESIAN_POINT('',(-7.,1.,-39.5));
#2294 = DIRECTION('',(0.,0.,1.));
#2295 = DIRECTION('',(1.,0.,-0.));
#2296 = ADVANCED_FACE('',(#2297),#2303,.F.);
#2297 = FACE_BOUND('',#2298,.T.);
#2298 = EDGE_LOOP('',(#2299,#2300,#2301,#2302));
#2299 = ORIENTED_EDGE('',*,*,#2283,.T.);
#2300 = ORIENTED_EDGE('',*,*,#2204,.T.);
#2301 = ORIENTED_EDGE('',*,*,#2235,.T.);
#2302 = ORIENTED_EDGE('',*,*,#2259,.T.);
#2303 = PLANE('',#2304);
#2304 = AXIS2_PLACEMENT_3D('',#2305,#2306,#2307);
#2305 = CARTESIAN_POINT('',(-6.25,1.,-40.75));
#2306 = DIRECTION('',(0.,1.,0.));
#2307 = DIRECTION('',(-1.,0.,0.));
#2308 = ( GEOMETRIC_REPRESENTATION_CONTEXT(3) 
GLOBAL_UNCERTAINTY_ASSIGNED_CONTEXT((#2312)) 
GLOBAL_UNIT_ASSIGNED_CONTEXT((#2309,#2310,#2311)) REPRESENTATION_CONTEXT
('Context #1','3D Context with UNIT and UNCERTAINTY') );
#2309 = ( LENGTH_UNIT() NAMED_UNIT(*) SI_UNIT(.MILLI.,.METRE.) );
#2310 = ( NAMED_UNIT(*) PLANE_ANGLE_UNIT() SI_UNIT($,.RADIAN.) );
#2311 = ( NAMED_UNIT(*) SI_UNIT($,.STERADIAN.) SOLID_ANGLE_UNIT() );
#2312 = UNCERTAINTY_MEASURE_WITH_UNIT(LENGTH_MEASURE(1.E-07),#2309,
  'distance_accuracy_value','confusion accuracy');
#2313 = CONTEXT_DEPENDENT_SHAPE_REPRESENTATION(#2314,#2316);
#2314 = ( REPRESENTATION_RELATIONSHIP('','',#2157,#32) 
REPRESENTATION_RELATIONSHIP_WITH_TRANSFORMATION(#2315) 
SHAPE_REPRESENTATION_RELATIONSHIP() );
#2315 = ITEM_DEFINED_TRANSFORMATION('','',#11,#73);
#2316 = PRODUCT_DEFINITION_SHAPE('Placement','Placement of an item',
  #2317);
#2317 = NEXT_ASSEMBLY_USAGE_OCCURRENCE('11','COMPOUND010','',#27,#2152,$
  );
#2318 = PRODUCT_RELATED_PRODUCT_CATEGORY('part',$,(#2154));
#2319 = SHAPE_DEFINITION_REPRESENTATION(#2320,#2326);
#2320 = PRODUCT_DEFINITION_SHAPE('','',#2321);
#2321 = PRODUCT_DEFINITION('design','',#2322,#2325);
#2322 = PRODUCT_DEFINITION_FORMATION('','',#2323);
#2323 = PRODUCT('COMPOUND011','COMPOUND011','',(#2324));
#2324 = PRODUCT_CONTEXT('',#2,'mechanical');
#2325 = PRODUCT_DEFINITION_CONTEXT('part definition',#2,'design');
#2326 = ADVANCED_BREP_SHAPE_REPRESENTATION('',(#11,#2327),#2477);
#2327 = MANIFOLD_SOLID_BREP('',#2328);
#2328 = CLOSED_SHELL('',(#2329,#2369,#2400,#2424,#2448,#2465));
#2329 = ADVANCED_FACE('',(#2330),#2364,.T.);
#2330 = FACE_BOUND('',#2331,.T.);
#2331 = EDGE_LOOP('',(#2332,#2342,#2350,#2358));
#2332 = ORIENTED_EDGE('',*,*,#2333,.T.);
#2333 = EDGE_CURVE('',#2334,#2336,#2338,.T.);
#2334 = VERTEX_POINT('',#2335);
#2335 = CARTESIAN_POINT('',(8.6,3.,-33.));
#2336 = VERTEX_POINT('',#2337);
#2337 = CARTESIAN_POINT('',(10.1,3.,-33.));
#2338 = LINE('',#2339,#2340);
#2339 = CARTESIAN_POINT('',(10.1,3.,-33.));
#2340 = VECTOR('',#2341,1.);
#2341 = DIRECTION('',(1.,0.,0.));
#2342 = ORIENTED_EDGE('',*,*,#2343,.T.);
#2343 = EDGE_CURVE('',#2336,#2344,#2346,.T.);
#2344 = VERTEX_POINT('',#2345);
#2345 = CARTESIAN_POINT('',(10.1,3.,-35.5));
#2346 = LINE('',#2347,#2348);
#2347 = CARTESIAN_POINT('',(10.1,3.,-35.5));
#2348 = VECTOR('',#2349,1.);
#2349 = DIRECTION('',(0.,0.,-1.));
#2350 = ORIENTED_EDGE('',*,*,#2351,.T.);
#2351 = EDGE_CURVE('',#2344,#2352,#2354,.T.);
#2352 = VERTEX_POINT('',#2353);
#2353 = CARTESIAN_POINT('',(8.6,3.,-35.5));
#2354 = LINE('',#2355,#2356);
#2355 = CARTESIAN_POINT('',(8.6,3.,-35.5));
#2356 = VECTOR('',#2357,1.);
#2357 = DIRECTION('',(-1.,0.,0.));
#2358 = ORIENTED_EDGE('',*,*,#2359,.T.);
#2359 = EDGE_CURVE('',#2352,#2334,#2360,.T.);
#2360 = LINE('',#2361,#2362);
#2361 = CARTESIAN_POINT('',(8.6,3.,-33.));
#2362 = VECTOR('',#2363,1.);
#2363 = DIRECTION('',(0.,0.,1.));
#2364 = PLANE('',#2365);
#2365 = AXIS2_PLACEMENT_3D('',#2366,#2367,#2368);
#2366 = CARTESIAN_POINT('',(9.35,3.,-34.25));
#2367 = DIRECTION('',(0.,1.,0.));
#2368 = DIRECTION('',(0.,-0.,1.));
#2369 = ADVANCED_FACE('',(#2370),#2395,.T.);
#2370 = FACE_BOUND('',#2371,.T.);
#2371 = EDGE_LOOP('',(#2372,#2382,#2388,#2389));
#2372 = ORIENTED_EDGE('',*,*,#2373,.F.);
#2373 = EDGE_CURVE('',#2374,#2376,#2378,.T.);
#2374 = VERTEX_POINT('',#2375);
#2375 = CARTESIAN_POINT('',(8.6,1.,-33.));
#2376 = VERTEX_POINT('',#2377);
#2377 = CARTESIAN_POINT('',(8.6,1.,-35.5));
#2378 = LINE('',#2379,#2380);
#2379 = CARTESIAN_POINT('',(8.6,1.,-33.));
#2380 = VECTOR('',#2381,1.);
#2381 = DIRECTION('',(0.,0.,-1.));
#2382 = ORIENTED_EDGE('',*,*,#2383,.T.);
#2383 = EDGE_CURVE('',#2374,#2334,#2384,.T.);
#2384 = LINE('',#2385,#2386);
#2385 = CARTESIAN_POINT('',(8.6,1.,-33.));
#2386 = VECTOR('',#2387,1.);
#2387 = DIRECTION('',(0.,1.,0.));
#2388 = ORIENTED_EDGE('',*,*,#2359,.F.);
#2389 = ORIENTED_EDGE('',*,*,#2390,.F.);
#2390 = EDGE_CURVE('',#2376,#2352,#2391,.T.);
#2391 = LINE('',#2392,#2393);
#2392 = CARTESIAN_POINT('',(8.6,1.,-35.5));
#2393 = VECTOR('',#2394,1.);
#2394 = DIRECTION('',(0.,1.,0.));
#2395 = PLANE('',#2396);
#2396 = AXIS2_PLACEMENT_3D('',#2397,#2398,#2399);
#2397 = CARTESIAN_POINT('',(8.6,1.,-35.5));
#2398 = DIRECTION('',(-1.,0.,0.));
#2399 = DIRECTION('',(0.,0.,1.));
#2400 = ADVANCED_FACE('',(#2401),#2419,.T.);
#2401 = FACE_BOUND('',#2402,.T.);
#2402 = EDGE_LOOP('',(#2403,#2411,#2412,#2413));
#2403 = ORIENTED_EDGE('',*,*,#2404,.F.);
#2404 = EDGE_CURVE('',#2376,#2405,#2407,.T.);
#2405 = VERTEX_POINT('',#2406);
#2406 = CARTESIAN_POINT('',(10.1,1.,-35.5));
#2407 = LINE('',#2408,#2409);
#2408 = CARTESIAN_POINT('',(8.6,1.,-35.5));
#2409 = VECTOR('',#2410,1.);
#2410 = DIRECTION('',(1.,0.,0.));
#2411 = ORIENTED_EDGE('',*,*,#2390,.T.);
#2412 = ORIENTED_EDGE('',*,*,#2351,.F.);
#2413 = ORIENTED_EDGE('',*,*,#2414,.F.);
#2414 = EDGE_CURVE('',#2405,#2344,#2415,.T.);
#2415 = LINE('',#2416,#2417);
#2416 = CARTESIAN_POINT('',(10.1,1.,-35.5));
#2417 = VECTOR('',#2418,1.);
#2418 = DIRECTION('',(0.,1.,0.));
#2419 = PLANE('',#2420);
#2420 = AXIS2_PLACEMENT_3D('',#2421,#2422,#2423);
#2421 = CARTESIAN_POINT('',(10.1,1.,-35.5));
#2422 = DIRECTION('',(0.,0.,-1.));
#2423 = DIRECTION('',(-1.,0.,0.));
#2424 = ADVANCED_FACE('',(#2425),#2443,.T.);
#2425 = FACE_BOUND('',#2426,.T.);
#2426 = EDGE_LOOP('',(#2427,#2435,#2436,#2437));
#2427 = ORIENTED_EDGE('',*,*,#2428,.F.);
#2428 = EDGE_CURVE('',#2405,#2429,#2431,.T.);
#2429 = VERTEX_POINT('',#2430);
#2430 = CARTESIAN_POINT('',(10.1,1.,-33.));
#2431 = LINE('',#2432,#2433);
#2432 = CARTESIAN_POINT('',(10.1,1.,-35.5));
#2433 = VECTOR('',#2434,1.);
#2434 = DIRECTION('',(0.,0.,1.));
#2435 = ORIENTED_EDGE('',*,*,#2414,.T.);
#2436 = ORIENTED_EDGE('',*,*,#2343,.F.);
#2437 = ORIENTED_EDGE('',*,*,#2438,.F.);
#2438 = EDGE_CURVE('',#2429,#2336,#2439,.T.);
#2439 = LINE('',#2440,#2441);
#2440 = CARTESIAN_POINT('',(10.1,1.,-33.));
#2441 = VECTOR('',#2442,1.);
#2442 = DIRECTION('',(0.,1.,0.));
#2443 = PLANE('',#2444);
#2444 = AXIS2_PLACEMENT_3D('',#2445,#2446,#2447);
#2445 = CARTESIAN_POINT('',(10.1,1.,-33.));
#2446 = DIRECTION('',(1.,0.,0.));
#2447 = DIRECTION('',(0.,0.,-1.));
#2448 = ADVANCED_FACE('',(#2449),#2460,.T.);
#2449 = FACE_BOUND('',#2450,.T.);
#2450 = EDGE_LOOP('',(#2451,#2457,#2458,#2459));
#2451 = ORIENTED_EDGE('',*,*,#2452,.F.);
#2452 = EDGE_CURVE('',#2429,#2374,#2453,.T.);
#2453 = LINE('',#2454,#2455);
#2454 = CARTESIAN_POINT('',(10.1,1.,-33.));
#2455 = VECTOR('',#2456,1.);
#2456 = DIRECTION('',(-1.,0.,0.));
#2457 = ORIENTED_EDGE('',*,*,#2438,.T.);
#2458 = ORIENTED_EDGE('',*,*,#2333,.F.);
#2459 = ORIENTED_EDGE('',*,*,#2383,.F.);
#2460 = PLANE('',#2461);
#2461 = AXIS2_PLACEMENT_3D('',#2462,#2463,#2464);
#2462 = CARTESIAN_POINT('',(8.6,1.,-33.));
#2463 = DIRECTION('',(0.,0.,1.));
#2464 = DIRECTION('',(1.,0.,-0.));
#2465 = ADVANCED_FACE('',(#2466),#2472,.F.);
#2466 = FACE_BOUND('',#2467,.T.);
#2467 = EDGE_LOOP('',(#2468,#2469,#2470,#2471));
#2468 = ORIENTED_EDGE('',*,*,#2452,.T.);
#2469 = ORIENTED_EDGE('',*,*,#2373,.T.);
#2470 = ORIENTED_EDGE('',*,*,#2404,.T.);
#2471 = ORIENTED_EDGE('',*,*,#2428,.T.);
#2472 = PLANE('',#2473);
#2473 = AXIS2_PLACEMENT_3D('',#2474,#2475,#2476);
#2474 = CARTESIAN_POINT('',(9.35,1.,-34.25));
#2475 = DIRECTION('',(0.,1.,0.));
#2476 = DIRECTION('',(-1.,0.,0.));
#2477 = ( GEOMETRIC_REPRESENTATION_CONTEXT(3) 
GLOBAL_UNCERTAINTY_ASSIGNED_CONTEXT((#2481)) 
GLOBAL_UNIT_ASSIGNED_CONTEXT((#2478,#2479,#2480)) REPRESENTATION_CONTEXT
('Context #1','3D Context with UNIT and UNCERTAINTY') );
#2478 = ( LENGTH_UNIT() NAMED_UNIT(*) SI_UNIT(.MILLI.,.METRE.) );
#2479 = ( NAMED_UNIT(*) PLANE_ANGLE_UNIT() SI_UNIT($,.RADIAN.) );
#2480 = ( NAMED_UNIT(*) SI_UNIT($,.STERADIAN.) SOLID_ANGLE_UNIT() );
#2481 = UNCERTAINTY_MEASURE_WITH_UNIT(LENGTH_MEASURE(1.E-07),#2478,
  'distance_accuracy_value','confusion accuracy');
#2482 = CONTEXT_DEPENDENT_SHAPE_REPRESENTATION(#2483,#2485);
#2483 = ( REPRESENTATION_RELATIONSHIP('','',#2326,#32) 
REPRESENTATION_RELATIONSHIP_WITH_TRANSFORMATION(#2484) 
SHAPE_REPRESENTATION_RELATIONSHIP() );
#2484 = ITEM_DEFINED_TRANSFORMATION('','',#11,#77);
#2485 = PRODUCT_DEFINITION_SHAPE('Placement','Placement of an item',
  #2486);
#2486 = NEXT_ASSEMBLY_USAGE_OCCURRENCE('12','COMPOUND011','',#27,#2321,$
  );
#2487 = PRODUCT_RELATED_PRODUCT_CATEGORY('part',$,(#2323));
#2488 = SHAPE_DEFINITION_REPRESENTATION(#2489,#2495);
#2489 = PRODUCT_DEFINITION_SHAPE('','',#2490);
#2490 = PRODUCT_DEFINITION('design','',#2491,#2494);
#2491 = PRODUCT_DEFINITION_FORMATION('','',#2492);
#2492 = PRODUCT('COMPOUND012','COMPOUND012','',(#2493));
#2493 = PRODUCT_CONTEXT('',#2,'mechanical');
#2494 = PRODUCT_DEFINITION_CONTEXT('part definition',#2,'design');
#2495 = ADVANCED_BREP_SHAPE_REPRESENTATION('',(#11,#2496),#4944);
#2496 = MANIFOLD_SOLID_BREP('',#2497);
#2497 = CLOSED_SHELL('',(#2498,#2570,#2642,#2673,#2704,#2735,#2759,#2783
    ,#2807,#2863,#2935,#3007,#3038,#3062,#3086,#3110,#3134,#3165,#3189,
    #3213,#3345,#3472,#3524,#3571,#3588,#3605,#3645,#3676,#3707,#3738,
    #3769,#3791,#3813,#3829,#3845,#3876,#3900,#3917,#3934,#3950,#3990,
    #4021,#4052,#4083,#4114,#4136,#4158,#4174,#4190,#4230,#4261,#4292,
    #4323,#4354,#4376,#4398,#4414,#4430,#4454,#4478,#4502,#4526,#4543,
    #4559,#4599,#4630,#4661,#4692,#4723,#4745,#4767,#4783,#4799,#4830,
    #4847,#4864,#4880,#4897,#4914,#4928));
#2498 = ADVANCED_FACE('',(#2499),#2565,.F.);
#2499 = FACE_BOUND('',#2500,.T.);
#2500 = EDGE_LOOP('',(#2501,#2511,#2519,#2527,#2535,#2543,#2551,#2559));
#2501 = ORIENTED_EDGE('',*,*,#2502,.F.);
#2502 = EDGE_CURVE('',#2503,#2505,#2507,.T.);
#2503 = VERTEX_POINT('',#2504);
#2504 = CARTESIAN_POINT('',(1.75,2.5,-32.1));
#2505 = VERTEX_POINT('',#2506);
#2506 = CARTESIAN_POINT('',(2.5,2.5,-32.1));
#2507 = LINE('',#2508,#2509);
#2508 = CARTESIAN_POINT('',(2.6875,2.5,-32.1));
#2509 = VECTOR('',#2510,1.);
#2510 = DIRECTION('',(1.,0.,0.));
#2511 = ORIENTED_EDGE('',*,*,#2512,.F.);
#2512 = EDGE_CURVE('',#2513,#2503,#2515,.T.);
#2513 = VERTEX_POINT('',#2514);
#2514 = CARTESIAN_POINT('',(2.,2.,-32.1));
#2515 = LINE('',#2516,#2517);
#2516 = CARTESIAN_POINT('',(1.75,2.5,-32.1));
#2517 = VECTOR('',#2518,1.);
#2518 = DIRECTION('',(-0.4472135955,0.894427191,0.));
#2519 = ORIENTED_EDGE('',*,*,#2520,.F.);
#2520 = EDGE_CURVE('',#2521,#2513,#2523,.T.);
#2521 = VERTEX_POINT('',#2522);
#2522 = CARTESIAN_POINT('',(2.222876179246,2.,-32.1));
#2523 = LINE('',#2524,#2525);
#2524 = CARTESIAN_POINT('',(2.4375,2.,-32.1));
#2525 = VECTOR('',#2526,1.);
#2526 = DIRECTION('',(-1.,0.,0.));
#2527 = ORIENTED_EDGE('',*,*,#2528,.F.);
#2528 = EDGE_CURVE('',#2529,#2521,#2531,.T.);
#2529 = VERTEX_POINT('',#2530);
#2530 = CARTESIAN_POINT('',(2.629921852868,1.348726922206,-32.1));
#2531 = LINE('',#2532,#2533);
#2532 = CARTESIAN_POINT('',(2.370646378791,1.76356768073,-32.1));
#2533 = VECTOR('',#2534,1.);
#2534 = DIRECTION('',(-0.529998940003,0.847998304005,0.));
#2535 = ORIENTED_EDGE('',*,*,#2536,.F.);
#2536 = EDGE_CURVE('',#2537,#2529,#2539,.T.);
#2537 = VERTEX_POINT('',#2538);
#2538 = CARTESIAN_POINT('',(3.128103170305,1.,-32.1));
#2539 = LINE('',#2540,#2541);
#2540 = CARTESIAN_POINT('',(2.617904065175,1.357139373591,-32.1));
#2541 = VECTOR('',#2542,1.);
#2542 = DIRECTION('',(-0.819231920519,0.573462344363,0.));
#2543 = ORIENTED_EDGE('',*,*,#2544,.F.);
#2544 = EDGE_CURVE('',#2545,#2537,#2547,.T.);
#2545 = VERTEX_POINT('',#2546);
#2546 = CARTESIAN_POINT('',(4.,1.,-32.1));
#2547 = LINE('',#2548,#2549);
#2548 = CARTESIAN_POINT('',(3.001551585152,1.,-32.1));
#2549 = VECTOR('',#2550,1.);
#2550 = DIRECTION('',(-1.,-1.179611963664E-15,0.));
#2551 = ORIENTED_EDGE('',*,*,#2552,.F.);
#2552 = EDGE_CURVE('',#2553,#2545,#2555,.T.);
#2553 = VERTEX_POINT('',#2554);
#2554 = CARTESIAN_POINT('',(3.,1.7,-32.1));
#2555 = LINE('',#2556,#2557);
#2556 = CARTESIAN_POINT('',(3.446308724832,1.387583892617,-32.1));
#2557 = VECTOR('',#2558,1.);
#2558 = DIRECTION('',(0.819231920519,-0.573462344363,0.));
#2559 = ORIENTED_EDGE('',*,*,#2560,.F.);
#2560 = EDGE_CURVE('',#2505,#2553,#2561,.T.);
#2561 = LINE('',#2562,#2563);
#2562 = CARTESIAN_POINT('',(2.971207865169,1.74606741573,-32.1));
#2563 = VECTOR('',#2564,1.);
#2564 = DIRECTION('',(0.529998940003,-0.847998304005,0.));
#2565 = PLANE('',#2566);
#2566 = AXIS2_PLACEMENT_3D('',#2567,#2568,#2569);
#2567 = CARTESIAN_POINT('',(2.875,1.75,-32.1));
#2568 = DIRECTION('',(0.,0.,-1.));
#2569 = DIRECTION('',(-1.,0.,0.));
#2570 = ADVANCED_FACE('',(#2571),#2637,.F.);
#2571 = FACE_BOUND('',#2572,.T.);
#2572 = EDGE_LOOP('',(#2573,#2583,#2591,#2599,#2607,#2615,#2623,#2631));
#2573 = ORIENTED_EDGE('',*,*,#2574,.F.);
#2574 = EDGE_CURVE('',#2575,#2577,#2579,.T.);
#2575 = VERTEX_POINT('',#2576);
#2576 = CARTESIAN_POINT('',(-2.5,2.5,-32.1));
#2577 = VERTEX_POINT('',#2578);
#2578 = CARTESIAN_POINT('',(-1.75,2.5,-32.1));
#2579 = LINE('',#2580,#2581);
#2580 = CARTESIAN_POINT('',(-2.3125,2.5,-32.1));
#2581 = VECTOR('',#2582,1.);
#2582 = DIRECTION('',(1.,1.480297366167E-15,0.));
#2583 = ORIENTED_EDGE('',*,*,#2584,.F.);
#2584 = EDGE_CURVE('',#2585,#2575,#2587,.T.);
#2585 = VERTEX_POINT('',#2586);
#2586 = CARTESIAN_POINT('',(-3.,1.7,-32.1));
#2587 = LINE('',#2588,#2589);
#2588 = CARTESIAN_POINT('',(-2.721207865169,2.14606741573,-32.1));
#2589 = VECTOR('',#2590,1.);
#2590 = DIRECTION('',(0.529998940003,0.847998304005,0.));
#2591 = ORIENTED_EDGE('',*,*,#2592,.F.);
#2592 = EDGE_CURVE('',#2593,#2585,#2595,.T.);
#2593 = VERTEX_POINT('',#2594);
#2594 = CARTESIAN_POINT('',(-4.,1.,-32.1));
#2595 = LINE('',#2596,#2597);
#2596 = CARTESIAN_POINT('',(-2.946308724832,1.737583892617,-32.1));
#2597 = VECTOR('',#2598,1.);
#2598 = DIRECTION('',(0.819231920519,0.573462344363,0.));
#2599 = ORIENTED_EDGE('',*,*,#2600,.F.);
#2600 = EDGE_CURVE('',#2601,#2593,#2603,.T.);
#2601 = VERTEX_POINT('',#2602);
#2602 = CARTESIAN_POINT('',(-3.128103170305,1.,-32.1));
#2603 = LINE('',#2604,#2605);
#2604 = CARTESIAN_POINT('',(-3.4375,1.,-32.1));
#2605 = VECTOR('',#2606,1.);
#2606 = DIRECTION('',(-1.,-1.179611963664E-15,0.));
#2607 = ORIENTED_EDGE('',*,*,#2608,.F.);
#2608 = EDGE_CURVE('',#2609,#2601,#2611,.T.);
#2609 = VERTEX_POINT('',#2610);
#2610 = CARTESIAN_POINT('',(-2.629921852868,1.348726922206,-32.1));
#2611 = LINE('',#2612,#2613);
#2612 = CARTESIAN_POINT('',(-2.866994723894,1.182775912488,-32.1));
#2613 = VECTOR('',#2614,1.);
#2614 = DIRECTION('',(-0.819231920519,-0.573462344363,0.));
#2615 = ORIENTED_EDGE('',*,*,#2616,.F.);
#2616 = EDGE_CURVE('',#2617,#2609,#2619,.T.);
#2617 = VERTEX_POINT('',#2618);
#2618 = CARTESIAN_POINT('',(-2.222876179246,2.,-32.1));
#2619 = LINE('',#2620,#2621);
#2620 = CARTESIAN_POINT('',(-2.574169215601,1.437931141832,-32.1));
#2621 = VECTOR('',#2622,1.);
#2622 = DIRECTION('',(-0.529998940003,-0.847998304005,0.));
#2623 = ORIENTED_EDGE('',*,*,#2624,.F.);
#2624 = EDGE_CURVE('',#2625,#2617,#2627,.T.);
#2625 = VERTEX_POINT('',#2626);
#2626 = CARTESIAN_POINT('',(-2.,2.,-32.1));
#2627 = LINE('',#2628,#2629);
#2628 = CARTESIAN_POINT('',(-2.548938089623,2.,-32.1));
#2629 = VECTOR('',#2630,1.);
#2630 = DIRECTION('',(-1.,-2.347809158825E-15,0.));
#2631 = ORIENTED_EDGE('',*,*,#2632,.F.);
#2632 = EDGE_CURVE('',#2577,#2625,#2633,.T.);
#2633 = LINE('',#2634,#2635);
#2634 = CARTESIAN_POINT('',(-1.75,2.5,-32.1));
#2635 = VECTOR('',#2636,1.);
#2636 = DIRECTION('',(-0.4472135955,-0.894427191,0.));
#2637 = PLANE('',#2638);
#2638 = AXIS2_PLACEMENT_3D('',#2639,#2640,#2641);
#2639 = CARTESIAN_POINT('',(-2.875,1.75,-32.1));
#2640 = DIRECTION('',(0.,0.,-1.));
#2641 = DIRECTION('',(-1.,0.,0.));
#2642 = ADVANCED_FACE('',(#2643),#2668,.T.);
#2643 = FACE_BOUND('',#2644,.T.);
#2644 = EDGE_LOOP('',(#2645,#2646,#2654,#2662));
#2645 = ORIENTED_EDGE('',*,*,#2520,.T.);
#2646 = ORIENTED_EDGE('',*,*,#2647,.F.);
#2647 = EDGE_CURVE('',#2648,#2513,#2650,.T.);
#2648 = VERTEX_POINT('',#2649);
#2649 = CARTESIAN_POINT('',(2.,2.,-32.5));
#2650 = LINE('',#2651,#2652);
#2651 = CARTESIAN_POINT('',(2.,2.,-32.5));
#2652 = VECTOR('',#2653,1.);
#2653 = DIRECTION('',(0.,0.,1.));
#2654 = ORIENTED_EDGE('',*,*,#2655,.T.);
#2655 = EDGE_CURVE('',#2648,#2656,#2658,.T.);
#2656 = VERTEX_POINT('',#2657);
#2657 = CARTESIAN_POINT('',(2.222876179246,2.,-32.5));
#2658 = LINE('',#2659,#2660);
#2659 = CARTESIAN_POINT('',(1.75,2.,-32.5));
#2660 = VECTOR('',#2661,1.);
#2661 = DIRECTION('',(1.,0.,0.));
#2662 = ORIENTED_EDGE('',*,*,#2663,.T.);
#2663 = EDGE_CURVE('',#2656,#2521,#2664,.T.);
#2664 = LINE('',#2665,#2666);
#2665 = CARTESIAN_POINT('',(2.222876179246,2.,-32.5));
#2666 = VECTOR('',#2667,1.);
#2667 = DIRECTION('',(0.,0.,1.));
#2668 = PLANE('',#2669);
#2669 = AXIS2_PLACEMENT_3D('',#2670,#2671,#2672);
#2670 = CARTESIAN_POINT('',(2.,2.,-32.5));
#2671 = DIRECTION('',(0.,-1.,0.));
#2672 = DIRECTION('',(1.,0.,0.));
#2673 = ADVANCED_FACE('',(#2674),#2699,.T.);
#2674 = FACE_BOUND('',#2675,.T.);
#2675 = EDGE_LOOP('',(#2676,#2677,#2685,#2693));
#2676 = ORIENTED_EDGE('',*,*,#2502,.T.);
#2677 = ORIENTED_EDGE('',*,*,#2678,.F.);
#2678 = EDGE_CURVE('',#2679,#2505,#2681,.T.);
#2679 = VERTEX_POINT('',#2680);
#2680 = CARTESIAN_POINT('',(2.5,2.5,-32.5));
#2681 = LINE('',#2682,#2683);
#2682 = CARTESIAN_POINT('',(2.5,2.5,-32.5));
#2683 = VECTOR('',#2684,1.);
#2684 = DIRECTION('',(0.,0.,1.));
#2685 = ORIENTED_EDGE('',*,*,#2686,.F.);
#2686 = EDGE_CURVE('',#2687,#2679,#2689,.T.);
#2687 = VERTEX_POINT('',#2688);
#2688 = CARTESIAN_POINT('',(1.75,2.5,-32.5));
#2689 = LINE('',#2690,#2691);
#2690 = CARTESIAN_POINT('',(1.75,2.5,-32.5));
#2691 = VECTOR('',#2692,1.);
#2692 = DIRECTION('',(1.,0.,0.));
#2693 = ORIENTED_EDGE('',*,*,#2694,.T.);
#2694 = EDGE_CURVE('',#2687,#2503,#2695,.T.);
#2695 = LINE('',#2696,#2697);
#2696 = CARTESIAN_POINT('',(1.75,2.5,-32.5));
#2697 = VECTOR('',#2698,1.);
#2698 = DIRECTION('',(0.,0.,1.));
#2699 = PLANE('',#2700);
#2700 = AXIS2_PLACEMENT_3D('',#2701,#2702,#2703);
#2701 = CARTESIAN_POINT('',(2.5,2.5,-32.5));
#2702 = DIRECTION('',(0.,1.,0.));
#2703 = DIRECTION('',(-1.,0.,0.));
#2704 = ADVANCED_FACE('',(#2705),#2730,.T.);
#2705 = FACE_BOUND('',#2706,.T.);
#2706 = EDGE_LOOP('',(#2707,#2708,#2716,#2724));
#2707 = ORIENTED_EDGE('',*,*,#2600,.T.);
#2708 = ORIENTED_EDGE('',*,*,#2709,.F.);
#2709 = EDGE_CURVE('',#2710,#2593,#2712,.T.);
#2710 = VERTEX_POINT('',#2711);
#2711 = CARTESIAN_POINT('',(-4.,1.,-32.5));
#2712 = LINE('',#2713,#2714);
#2713 = CARTESIAN_POINT('',(-4.,1.,-32.5));
#2714 = VECTOR('',#2715,1.);
#2715 = DIRECTION('',(0.,0.,1.));
#2716 = ORIENTED_EDGE('',*,*,#2717,.F.);
#2717 = EDGE_CURVE('',#2718,#2710,#2720,.T.);
#2718 = VERTEX_POINT('',#2719);
#2719 = CARTESIAN_POINT('',(-3.128103170305,1.,-32.5));
#2720 = LINE('',#2721,#2722);
#2721 = CARTESIAN_POINT('',(4.,1.,-32.5));
#2722 = VECTOR('',#2723,1.);
#2723 = DIRECTION('',(-1.,-1.179611963664E-15,0.));
#2724 = ORIENTED_EDGE('',*,*,#2725,.T.);
#2725 = EDGE_CURVE('',#2718,#2601,#2726,.T.);
#2726 = LINE('',#2727,#2728);
#2727 = CARTESIAN_POINT('',(-3.128103170305,1.,-32.5));
#2728 = VECTOR('',#2729,1.);
#2729 = DIRECTION('',(0.,0.,1.));
#2730 = PLANE('',#2731);
#2731 = AXIS2_PLACEMENT_3D('',#2732,#2733,#2734);
#2732 = CARTESIAN_POINT('',(-4.,1.,-32.5));
#2733 = DIRECTION('',(1.179611963664E-15,-1.,0.));
#2734 = DIRECTION('',(1.,1.179611963664E-15,0.));
#2735 = ADVANCED_FACE('',(#2736),#2754,.T.);
#2736 = FACE_BOUND('',#2737,.T.);
#2737 = EDGE_LOOP('',(#2738,#2739,#2747,#2753));
#2738 = ORIENTED_EDGE('',*,*,#2592,.T.);
#2739 = ORIENTED_EDGE('',*,*,#2740,.F.);
#2740 = EDGE_CURVE('',#2741,#2585,#2743,.T.);
#2741 = VERTEX_POINT('',#2742);
#2742 = CARTESIAN_POINT('',(-3.,1.7,-32.5));
#2743 = LINE('',#2744,#2745);
#2744 = CARTESIAN_POINT('',(-3.,1.7,-32.5));
#2745 = VECTOR('',#2746,1.);
#2746 = DIRECTION('',(0.,0.,1.));
#2747 = ORIENTED_EDGE('',*,*,#2748,.T.);
#2748 = EDGE_CURVE('',#2741,#2710,#2749,.T.);
#2749 = LINE('',#2750,#2751);
#2750 = CARTESIAN_POINT('',(-3.,1.7,-32.5));
#2751 = VECTOR('',#2752,1.);
#2752 = DIRECTION('',(-0.819231920519,-0.573462344363,0.));
#2753 = ORIENTED_EDGE('',*,*,#2709,.T.);
#2754 = PLANE('',#2755);
#2755 = AXIS2_PLACEMENT_3D('',#2756,#2757,#2758);
#2756 = CARTESIAN_POINT('',(-3.,1.7,-32.5));
#2757 = DIRECTION('',(-0.573462344363,0.819231920519,0.));
#2758 = DIRECTION('',(-0.819231920519,-0.573462344363,0.));
#2759 = ADVANCED_FACE('',(#2760),#2778,.T.);
#2760 = FACE_BOUND('',#2761,.T.);
#2761 = EDGE_LOOP('',(#2762,#2763,#2771,#2777));
#2762 = ORIENTED_EDGE('',*,*,#2584,.T.);
#2763 = ORIENTED_EDGE('',*,*,#2764,.F.);
#2764 = EDGE_CURVE('',#2765,#2575,#2767,.T.);
#2765 = VERTEX_POINT('',#2766);
#2766 = CARTESIAN_POINT('',(-2.5,2.5,-32.5));
#2767 = LINE('',#2768,#2769);
#2768 = CARTESIAN_POINT('',(-2.5,2.5,-32.5));
#2769 = VECTOR('',#2770,1.);
#2770 = DIRECTION('',(0.,0.,1.));
#2771 = ORIENTED_EDGE('',*,*,#2772,.T.);
#2772 = EDGE_CURVE('',#2765,#2741,#2773,.T.);
#2773 = LINE('',#2774,#2775);
#2774 = CARTESIAN_POINT('',(-2.5,2.5,-32.5));
#2775 = VECTOR('',#2776,1.);
#2776 = DIRECTION('',(-0.529998940003,-0.847998304005,0.));
#2777 = ORIENTED_EDGE('',*,*,#2740,.T.);
#2778 = PLANE('',#2779);
#2779 = AXIS2_PLACEMENT_3D('',#2780,#2781,#2782);
#2780 = CARTESIAN_POINT('',(-2.5,2.5,-32.5));
#2781 = DIRECTION('',(-0.847998304005,0.529998940003,0.));
#2782 = DIRECTION('',(-0.529998940003,-0.847998304005,0.));
#2783 = ADVANCED_FACE('',(#2784),#2802,.T.);
#2784 = FACE_BOUND('',#2785,.T.);
#2785 = EDGE_LOOP('',(#2786,#2787,#2795,#2801));
#2786 = ORIENTED_EDGE('',*,*,#2574,.T.);
#2787 = ORIENTED_EDGE('',*,*,#2788,.F.);
#2788 = EDGE_CURVE('',#2789,#2577,#2791,.T.);
#2789 = VERTEX_POINT('',#2790);
#2790 = CARTESIAN_POINT('',(-1.75,2.5,-32.5));
#2791 = LINE('',#2792,#2793);
#2792 = CARTESIAN_POINT('',(-1.75,2.5,-32.5));
#2793 = VECTOR('',#2794,1.);
#2794 = DIRECTION('',(0.,0.,1.));
#2795 = ORIENTED_EDGE('',*,*,#2796,.T.);
#2796 = EDGE_CURVE('',#2789,#2765,#2797,.T.);
#2797 = LINE('',#2798,#2799);
#2798 = CARTESIAN_POINT('',(-1.75,2.5,-32.5));
#2799 = VECTOR('',#2800,1.);
#2800 = DIRECTION('',(-1.,-1.480297366167E-15,0.));
#2801 = ORIENTED_EDGE('',*,*,#2764,.T.);
#2802 = PLANE('',#2803);
#2803 = AXIS2_PLACEMENT_3D('',#2804,#2805,#2806);
#2804 = CARTESIAN_POINT('',(-1.75,2.5,-32.5));
#2805 = DIRECTION('',(-1.480297366167E-15,1.,0.));
#2806 = DIRECTION('',(-1.,-1.480297366167E-15,0.));
#2807 = ADVANCED_FACE('',(#2808),#2858,.T.);
#2808 = FACE_BOUND('',#2809,.T.);
#2809 = EDGE_LOOP('',(#2810,#2820,#2828,#2836,#2844,#2852));
#2810 = ORIENTED_EDGE('',*,*,#2811,.T.);
#2811 = EDGE_CURVE('',#2812,#2814,#2816,.T.);
#2812 = VERTEX_POINT('',#2813);
#2813 = CARTESIAN_POINT('',(2.,2.,-32.));
#2814 = VERTEX_POINT('',#2815);
#2815 = CARTESIAN_POINT('',(1.5,3.,-32.));
#2816 = LINE('',#2817,#2818);
#2817 = CARTESIAN_POINT('',(1.5625,2.875,-32.));
#2818 = VECTOR('',#2819,1.);
#2819 = DIRECTION('',(-0.4472135955,0.894427191,0.));
#2820 = ORIENTED_EDGE('',*,*,#2821,.F.);
#2821 = EDGE_CURVE('',#2822,#2814,#2824,.T.);
#2822 = VERTEX_POINT('',#2823);
#2823 = CARTESIAN_POINT('',(-1.5,3.,-32.));
#2824 = LINE('',#2825,#2826);
#2825 = CARTESIAN_POINT('',(2.,3.,-32.));
#2826 = VECTOR('',#2827,1.);
#2827 = DIRECTION('',(1.,0.,0.));
#2828 = ORIENTED_EDGE('',*,*,#2829,.T.);
#2829 = EDGE_CURVE('',#2822,#2830,#2832,.T.);
#2830 = VERTEX_POINT('',#2831);
#2831 = CARTESIAN_POINT('',(-2.,2.,-32.));
#2832 = LINE('',#2833,#2834);
#2833 = CARTESIAN_POINT('',(-1.95,2.1,-32.));
#2834 = VECTOR('',#2835,1.);
#2835 = DIRECTION('',(-0.4472135955,-0.894427191,0.));
#2836 = ORIENTED_EDGE('',*,*,#2837,.T.);
#2837 = EDGE_CURVE('',#2830,#2838,#2840,.T.);
#2838 = VERTEX_POINT('',#2839);
#2839 = CARTESIAN_POINT('',(-1.5,1.,-32.));
#2840 = LINE('',#2841,#2842);
#2841 = CARTESIAN_POINT('',(-1.8,1.6,-32.));
#2842 = VECTOR('',#2843,1.);
#2843 = DIRECTION('',(0.4472135955,-0.894427191,0.));
#2844 = ORIENTED_EDGE('',*,*,#2845,.F.);
#2845 = EDGE_CURVE('',#2846,#2838,#2848,.T.);
#2846 = VERTEX_POINT('',#2847);
#2847 = CARTESIAN_POINT('',(1.5,1.,-32.));
#2848 = LINE('',#2849,#2850);
#2849 = CARTESIAN_POINT('',(2.,1.,-32.));
#2850 = VECTOR('',#2851,1.);
#2851 = DIRECTION('',(-1.,0.,0.));
#2852 = ORIENTED_EDGE('',*,*,#2853,.T.);
#2853 = EDGE_CURVE('',#2846,#2812,#2854,.T.);
#2854 = LINE('',#2855,#2856);
#2855 = CARTESIAN_POINT('',(1.15,0.3,-32.));
#2856 = VECTOR('',#2857,1.);
#2857 = DIRECTION('',(0.4472135955,0.894427191,0.));
#2858 = PLANE('',#2859);
#2859 = AXIS2_PLACEMENT_3D('',#2860,#2861,#2862);
#2860 = CARTESIAN_POINT('',(-2.875,1.75,-32.));
#2861 = DIRECTION('',(0.,0.,1.));
#2862 = DIRECTION('',(1.,0.,-0.));
#2863 = ADVANCED_FACE('',(#2864),#2930,.F.);
#2864 = FACE_BOUND('',#2865,.T.);
#2865 = EDGE_LOOP('',(#2866,#2876,#2884,#2892,#2900,#2908,#2916,#2924));
#2866 = ORIENTED_EDGE('',*,*,#2867,.F.);
#2867 = EDGE_CURVE('',#2868,#2870,#2872,.T.);
#2868 = VERTEX_POINT('',#2869);
#2869 = CARTESIAN_POINT('',(3.,1.7,-36.9));
#2870 = VERTEX_POINT('',#2871);
#2871 = CARTESIAN_POINT('',(2.5,2.5,-36.9));
#2872 = LINE('',#2873,#2874);
#2873 = CARTESIAN_POINT('',(2.971207865169,1.74606741573,-36.9));
#2874 = VECTOR('',#2875,1.);
#2875 = DIRECTION('',(-0.529998940003,0.847998304005,0.));
#2876 = ORIENTED_EDGE('',*,*,#2877,.F.);
#2877 = EDGE_CURVE('',#2878,#2868,#2880,.T.);
#2878 = VERTEX_POINT('',#2879);
#2879 = CARTESIAN_POINT('',(4.,1.,-36.9));
#2880 = LINE('',#2881,#2882);
#2881 = CARTESIAN_POINT('',(3.446308724832,1.387583892617,-36.9));
#2882 = VECTOR('',#2883,1.);
#2883 = DIRECTION('',(-0.819231920519,0.573462344363,0.));
#2884 = ORIENTED_EDGE('',*,*,#2885,.F.);
#2885 = EDGE_CURVE('',#2886,#2878,#2888,.T.);
#2886 = VERTEX_POINT('',#2887);
#2887 = CARTESIAN_POINT('',(3.128103170305,1.,-36.9));
#2888 = LINE('',#2889,#2890);
#2889 = CARTESIAN_POINT('',(3.001551585152,1.,-36.9));
#2890 = VECTOR('',#2891,1.);
#2891 = DIRECTION('',(1.,1.179611963664E-15,0.));
#2892 = ORIENTED_EDGE('',*,*,#2893,.F.);
#2893 = EDGE_CURVE('',#2894,#2886,#2896,.T.);
#2894 = VERTEX_POINT('',#2895);
#2895 = CARTESIAN_POINT('',(2.629921852868,1.348726922206,-36.9));
#2896 = LINE('',#2897,#2898);
#2897 = CARTESIAN_POINT('',(2.617904065175,1.357139373591,-36.9));
#2898 = VECTOR('',#2899,1.);
#2899 = DIRECTION('',(0.819231920519,-0.573462344363,0.));
#2900 = ORIENTED_EDGE('',*,*,#2901,.F.);
#2901 = EDGE_CURVE('',#2902,#2894,#2904,.T.);
#2902 = VERTEX_POINT('',#2903);
#2903 = CARTESIAN_POINT('',(2.222876179246,2.,-36.9));
#2904 = LINE('',#2905,#2906);
#2905 = CARTESIAN_POINT('',(2.370646378791,1.76356768073,-36.9));
#2906 = VECTOR('',#2907,1.);
#2907 = DIRECTION('',(0.529998940003,-0.847998304005,0.));
#2908 = ORIENTED_EDGE('',*,*,#2909,.F.);
#2909 = EDGE_CURVE('',#2910,#2902,#2912,.T.);
#2910 = VERTEX_POINT('',#2911);
#2911 = CARTESIAN_POINT('',(2.,2.,-36.9));
#2912 = LINE('',#2913,#2914);
#2913 = CARTESIAN_POINT('',(2.4375,2.,-36.9));
#2914 = VECTOR('',#2915,1.);
#2915 = DIRECTION('',(1.,0.,0.));
#2916 = ORIENTED_EDGE('',*,*,#2917,.F.);
#2917 = EDGE_CURVE('',#2918,#2910,#2920,.T.);
#2918 = VERTEX_POINT('',#2919);
#2919 = CARTESIAN_POINT('',(1.75,2.5,-36.9));
#2920 = LINE('',#2921,#2922);
#2921 = CARTESIAN_POINT('',(1.75,2.5,-36.9));
#2922 = VECTOR('',#2923,1.);
#2923 = DIRECTION('',(0.4472135955,-0.894427191,0.));
#2924 = ORIENTED_EDGE('',*,*,#2925,.F.);
#2925 = EDGE_CURVE('',#2870,#2918,#2926,.T.);
#2926 = LINE('',#2927,#2928);
#2927 = CARTESIAN_POINT('',(2.6875,2.5,-36.9));
#2928 = VECTOR('',#2929,1.);
#2929 = DIRECTION('',(-1.,0.,0.));
#2930 = PLANE('',#2931);
#2931 = AXIS2_PLACEMENT_3D('',#2932,#2933,#2934);
#2932 = CARTESIAN_POINT('',(2.875,1.75,-36.9));
#2933 = DIRECTION('',(0.,0.,1.));
#2934 = DIRECTION('',(1.,0.,-0.));
#2935 = ADVANCED_FACE('',(#2936),#3002,.F.);
#2936 = FACE_BOUND('',#2937,.T.);
#2937 = EDGE_LOOP('',(#2938,#2948,#2956,#2964,#2972,#2980,#2988,#2996));
#2938 = ORIENTED_EDGE('',*,*,#2939,.F.);
#2939 = EDGE_CURVE('',#2940,#2942,#2944,.T.);
#2940 = VERTEX_POINT('',#2941);
#2941 = CARTESIAN_POINT('',(-3.,1.7,-36.9));
#2942 = VERTEX_POINT('',#2943);
#2943 = CARTESIAN_POINT('',(-4.,1.,-36.9));
#2944 = LINE('',#2945,#2946);
#2945 = CARTESIAN_POINT('',(-2.946308724832,1.737583892617,-36.9));
#2946 = VECTOR('',#2947,1.);
#2947 = DIRECTION('',(-0.819231920519,-0.573462344363,0.));
#2948 = ORIENTED_EDGE('',*,*,#2949,.F.);
#2949 = EDGE_CURVE('',#2950,#2940,#2952,.T.);
#2950 = VERTEX_POINT('',#2951);
#2951 = CARTESIAN_POINT('',(-2.5,2.5,-36.9));
#2952 = LINE('',#2953,#2954);
#2953 = CARTESIAN_POINT('',(-2.721207865169,2.14606741573,-36.9));
#2954 = VECTOR('',#2955,1.);
#2955 = DIRECTION('',(-0.529998940003,-0.847998304005,0.));
#2956 = ORIENTED_EDGE('',*,*,#2957,.F.);
#2957 = EDGE_CURVE('',#2958,#2950,#2960,.T.);
#2958 = VERTEX_POINT('',#2959);
#2959 = CARTESIAN_POINT('',(-1.75,2.5,-36.9));
#2960 = LINE('',#2961,#2962);
#2961 = CARTESIAN_POINT('',(-2.3125,2.5,-36.9));
#2962 = VECTOR('',#2963,1.);
#2963 = DIRECTION('',(-1.,-1.480297366167E-15,0.));
#2964 = ORIENTED_EDGE('',*,*,#2965,.F.);
#2965 = EDGE_CURVE('',#2966,#2958,#2968,.T.);
#2966 = VERTEX_POINT('',#2967);
#2967 = CARTESIAN_POINT('',(-2.,2.,-36.9));
#2968 = LINE('',#2969,#2970);
#2969 = CARTESIAN_POINT('',(-1.75,2.5,-36.9));
#2970 = VECTOR('',#2971,1.);
#2971 = DIRECTION('',(0.4472135955,0.894427191,0.));
#2972 = ORIENTED_EDGE('',*,*,#2973,.F.);
#2973 = EDGE_CURVE('',#2974,#2966,#2976,.T.);
#2974 = VERTEX_POINT('',#2975);
#2975 = CARTESIAN_POINT('',(-2.222876179246,2.,-36.9));
#2976 = LINE('',#2977,#2978);
#2977 = CARTESIAN_POINT('',(-2.548938089623,2.,-36.9));
#2978 = VECTOR('',#2979,1.);
#2979 = DIRECTION('',(1.,2.347809158825E-15,0.));
#2980 = ORIENTED_EDGE('',*,*,#2981,.F.);
#2981 = EDGE_CURVE('',#2982,#2974,#2984,.T.);
#2982 = VERTEX_POINT('',#2983);
#2983 = CARTESIAN_POINT('',(-2.629921852868,1.348726922206,-36.9));
#2984 = LINE('',#2985,#2986);
#2985 = CARTESIAN_POINT('',(-2.574169215601,1.437931141832,-36.9));
#2986 = VECTOR('',#2987,1.);
#2987 = DIRECTION('',(0.529998940003,0.847998304005,0.));
#2988 = ORIENTED_EDGE('',*,*,#2989,.F.);
#2989 = EDGE_CURVE('',#2990,#2982,#2992,.T.);
#2990 = VERTEX_POINT('',#2991);
#2991 = CARTESIAN_POINT('',(-3.128103170305,1.,-36.9));
#2992 = LINE('',#2993,#2994);
#2993 = CARTESIAN_POINT('',(-2.866994723894,1.182775912488,-36.9));
#2994 = VECTOR('',#2995,1.);
#2995 = DIRECTION('',(0.819231920519,0.573462344363,0.));
#2996 = ORIENTED_EDGE('',*,*,#2997,.F.);
#2997 = EDGE_CURVE('',#2942,#2990,#2998,.T.);
#2998 = LINE('',#2999,#3000);
#2999 = CARTESIAN_POINT('',(-3.4375,1.,-36.9));
#3000 = VECTOR('',#3001,1.);
#3001 = DIRECTION('',(1.,1.179611963664E-15,0.));
#3002 = PLANE('',#3003);
#3003 = AXIS2_PLACEMENT_3D('',#3004,#3005,#3006);
#3004 = CARTESIAN_POINT('',(-2.875,1.75,-36.9));
#3005 = DIRECTION('',(0.,0.,1.));
#3006 = DIRECTION('',(1.,0.,-0.));
#3007 = ADVANCED_FACE('',(#3008),#3033,.T.);
#3008 = FACE_BOUND('',#3009,.T.);
#3009 = EDGE_LOOP('',(#3010,#3011,#3019,#3027));
#3010 = ORIENTED_EDGE('',*,*,#2901,.T.);
#3011 = ORIENTED_EDGE('',*,*,#3012,.T.);
#3012 = EDGE_CURVE('',#2894,#3013,#3015,.T.);
#3013 = VERTEX_POINT('',#3014);
#3014 = CARTESIAN_POINT('',(2.629921852868,1.348726922206,-36.5));
#3015 = LINE('',#3016,#3017);
#3016 = CARTESIAN_POINT('',(2.629921852868,1.348726922206,-37.));
#3017 = VECTOR('',#3018,1.);
#3018 = DIRECTION('',(0.,0.,1.));
#3019 = ORIENTED_EDGE('',*,*,#3020,.F.);
#3020 = EDGE_CURVE('',#3021,#3013,#3023,.T.);
#3021 = VERTEX_POINT('',#3022);
#3022 = CARTESIAN_POINT('',(2.222876179246,2.,-36.5));
#3023 = LINE('',#3024,#3025);
#3024 = CARTESIAN_POINT('',(2.222876179246,2.,-36.5));
#3025 = VECTOR('',#3026,1.);
#3026 = DIRECTION('',(0.529998940003,-0.847998304005,0.));
#3027 = ORIENTED_EDGE('',*,*,#3028,.F.);
#3028 = EDGE_CURVE('',#2902,#3021,#3029,.T.);
#3029 = LINE('',#3030,#3031);
#3030 = CARTESIAN_POINT('',(2.222876179246,2.,-37.));
#3031 = VECTOR('',#3032,1.);
#3032 = DIRECTION('',(0.,0.,1.));
#3033 = PLANE('',#3034);
#3034 = AXIS2_PLACEMENT_3D('',#3035,#3036,#3037);
#3035 = CARTESIAN_POINT('',(2.222876179246,2.,-37.));
#3036 = DIRECTION('',(-0.847998304005,-0.529998940003,0.));
#3037 = DIRECTION('',(0.529998940003,-0.847998304005,0.));
#3038 = ADVANCED_FACE('',(#3039),#3057,.T.);
#3039 = FACE_BOUND('',#3040,.T.);
#3040 = EDGE_LOOP('',(#3041,#3042,#3050,#3056));
#3041 = ORIENTED_EDGE('',*,*,#2893,.T.);
#3042 = ORIENTED_EDGE('',*,*,#3043,.T.);
#3043 = EDGE_CURVE('',#2886,#3044,#3046,.T.);
#3044 = VERTEX_POINT('',#3045);
#3045 = CARTESIAN_POINT('',(3.128103170305,1.,-36.5));
#3046 = LINE('',#3047,#3048);
#3047 = CARTESIAN_POINT('',(3.128103170305,1.,-37.));
#3048 = VECTOR('',#3049,1.);
#3049 = DIRECTION('',(0.,0.,1.));
#3050 = ORIENTED_EDGE('',*,*,#3051,.F.);
#3051 = EDGE_CURVE('',#3013,#3044,#3052,.T.);
#3052 = LINE('',#3053,#3054);
#3053 = CARTESIAN_POINT('',(2.629921852868,1.348726922206,-36.5));
#3054 = VECTOR('',#3055,1.);
#3055 = DIRECTION('',(0.819231920519,-0.573462344363,0.));
#3056 = ORIENTED_EDGE('',*,*,#3012,.F.);
#3057 = PLANE('',#3058);
#3058 = AXIS2_PLACEMENT_3D('',#3059,#3060,#3061);
#3059 = CARTESIAN_POINT('',(2.629921852868,1.348726922206,-37.));
#3060 = DIRECTION('',(-0.573462344363,-0.819231920519,0.));
#3061 = DIRECTION('',(0.819231920519,-0.573462344363,0.));
#3062 = ADVANCED_FACE('',(#3063),#3081,.T.);
#3063 = FACE_BOUND('',#3064,.T.);
#3064 = EDGE_LOOP('',(#3065,#3066,#3074,#3080));
#3065 = ORIENTED_EDGE('',*,*,#2885,.T.);
#3066 = ORIENTED_EDGE('',*,*,#3067,.T.);
#3067 = EDGE_CURVE('',#2878,#3068,#3070,.T.);
#3068 = VERTEX_POINT('',#3069);
#3069 = CARTESIAN_POINT('',(4.,1.,-36.5));
#3070 = LINE('',#3071,#3072);
#3071 = CARTESIAN_POINT('',(4.,1.,-37.));
#3072 = VECTOR('',#3073,1.);
#3073 = DIRECTION('',(0.,0.,1.));
#3074 = ORIENTED_EDGE('',*,*,#3075,.F.);
#3075 = EDGE_CURVE('',#3044,#3068,#3076,.T.);
#3076 = LINE('',#3077,#3078);
#3077 = CARTESIAN_POINT('',(4.,1.,-36.5));
#3078 = VECTOR('',#3079,1.);
#3079 = DIRECTION('',(1.,1.179611963664E-15,0.));
#3080 = ORIENTED_EDGE('',*,*,#3043,.F.);
#3081 = PLANE('',#3082);
#3082 = AXIS2_PLACEMENT_3D('',#3083,#3084,#3085);
#3083 = CARTESIAN_POINT('',(3.128103170305,1.,-37.));
#3084 = DIRECTION('',(1.179611963664E-15,-1.,0.));
#3085 = DIRECTION('',(1.,1.179611963664E-15,0.));
#3086 = ADVANCED_FACE('',(#3087),#3105,.T.);
#3087 = FACE_BOUND('',#3088,.T.);
#3088 = EDGE_LOOP('',(#3089,#3090,#3098,#3104));
#3089 = ORIENTED_EDGE('',*,*,#2877,.T.);
#3090 = ORIENTED_EDGE('',*,*,#3091,.T.);
#3091 = EDGE_CURVE('',#2868,#3092,#3094,.T.);
#3092 = VERTEX_POINT('',#3093);
#3093 = CARTESIAN_POINT('',(3.,1.7,-36.5));
#3094 = LINE('',#3095,#3096);
#3095 = CARTESIAN_POINT('',(3.,1.7,-37.));
#3096 = VECTOR('',#3097,1.);
#3097 = DIRECTION('',(0.,0.,1.));
#3098 = ORIENTED_EDGE('',*,*,#3099,.F.);
#3099 = EDGE_CURVE('',#3068,#3092,#3100,.T.);
#3100 = LINE('',#3101,#3102);
#3101 = CARTESIAN_POINT('',(3.,1.7,-36.5));
#3102 = VECTOR('',#3103,1.);
#3103 = DIRECTION('',(-0.819231920519,0.573462344363,0.));
#3104 = ORIENTED_EDGE('',*,*,#3067,.F.);
#3105 = PLANE('',#3106);
#3106 = AXIS2_PLACEMENT_3D('',#3107,#3108,#3109);
#3107 = CARTESIAN_POINT('',(4.,1.,-37.));
#3108 = DIRECTION('',(0.573462344363,0.819231920519,0.));
#3109 = DIRECTION('',(-0.819231920519,0.573462344363,0.));
#3110 = ADVANCED_FACE('',(#3111),#3129,.T.);
#3111 = FACE_BOUND('',#3112,.T.);
#3112 = EDGE_LOOP('',(#3113,#3114,#3122,#3128));
#3113 = ORIENTED_EDGE('',*,*,#2867,.T.);
#3114 = ORIENTED_EDGE('',*,*,#3115,.T.);
#3115 = EDGE_CURVE('',#2870,#3116,#3118,.T.);
#3116 = VERTEX_POINT('',#3117);
#3117 = CARTESIAN_POINT('',(2.5,2.5,-36.5));
#3118 = LINE('',#3119,#3120);
#3119 = CARTESIAN_POINT('',(2.5,2.5,-37.));
#3120 = VECTOR('',#3121,1.);
#3121 = DIRECTION('',(0.,0.,1.));
#3122 = ORIENTED_EDGE('',*,*,#3123,.F.);
#3123 = EDGE_CURVE('',#3092,#3116,#3124,.T.);
#3124 = LINE('',#3125,#3126);
#3125 = CARTESIAN_POINT('',(2.5,2.5,-36.5));
#3126 = VECTOR('',#3127,1.);
#3127 = DIRECTION('',(-0.529998940003,0.847998304005,0.));
#3128 = ORIENTED_EDGE('',*,*,#3091,.F.);
#3129 = PLANE('',#3130);
#3130 = AXIS2_PLACEMENT_3D('',#3131,#3132,#3133);
#3131 = CARTESIAN_POINT('',(3.,1.7,-37.));
#3132 = DIRECTION('',(0.847998304005,0.529998940003,0.));
#3133 = DIRECTION('',(-0.529998940003,0.847998304005,0.));
#3134 = ADVANCED_FACE('',(#3135),#3160,.T.);
#3135 = FACE_BOUND('',#3136,.T.);
#3136 = EDGE_LOOP('',(#3137,#3138,#3146,#3154));
#3137 = ORIENTED_EDGE('',*,*,#2957,.T.);
#3138 = ORIENTED_EDGE('',*,*,#3139,.T.);
#3139 = EDGE_CURVE('',#2950,#3140,#3142,.T.);
#3140 = VERTEX_POINT('',#3141);
#3141 = CARTESIAN_POINT('',(-2.5,2.5,-36.5));
#3142 = LINE('',#3143,#3144);
#3143 = CARTESIAN_POINT('',(-2.5,2.5,-37.));
#3144 = VECTOR('',#3145,1.);
#3145 = DIRECTION('',(0.,0.,1.));
#3146 = ORIENTED_EDGE('',*,*,#3147,.F.);
#3147 = EDGE_CURVE('',#3148,#3140,#3150,.T.);
#3148 = VERTEX_POINT('',#3149);
#3149 = CARTESIAN_POINT('',(-1.75,2.5,-36.5));
#3150 = LINE('',#3151,#3152);
#3151 = CARTESIAN_POINT('',(-1.75,2.5,-36.5));
#3152 = VECTOR('',#3153,1.);
#3153 = DIRECTION('',(-1.,-1.480297366167E-15,0.));
#3154 = ORIENTED_EDGE('',*,*,#3155,.F.);
#3155 = EDGE_CURVE('',#2958,#3148,#3156,.T.);
#3156 = LINE('',#3157,#3158);
#3157 = CARTESIAN_POINT('',(-1.75,2.5,-37.));
#3158 = VECTOR('',#3159,1.);
#3159 = DIRECTION('',(0.,0.,1.));
#3160 = PLANE('',#3161);
#3161 = AXIS2_PLACEMENT_3D('',#3162,#3163,#3164);
#3162 = CARTESIAN_POINT('',(-1.75,2.5,-37.));
#3163 = DIRECTION('',(-1.480297366167E-15,1.,0.));
#3164 = DIRECTION('',(-1.,-1.480297366167E-15,0.));
#3165 = ADVANCED_FACE('',(#3166),#3184,.T.);
#3166 = FACE_BOUND('',#3167,.T.);
#3167 = EDGE_LOOP('',(#3168,#3169,#3177,#3183));
#3168 = ORIENTED_EDGE('',*,*,#2949,.T.);
#3169 = ORIENTED_EDGE('',*,*,#3170,.T.);
#3170 = EDGE_CURVE('',#2940,#3171,#3173,.T.);
#3171 = VERTEX_POINT('',#3172);
#3172 = CARTESIAN_POINT('',(-3.,1.7,-36.5));
#3173 = LINE('',#3174,#3175);
#3174 = CARTESIAN_POINT('',(-3.,1.7,-37.));
#3175 = VECTOR('',#3176,1.);
#3176 = DIRECTION('',(0.,0.,1.));
#3177 = ORIENTED_EDGE('',*,*,#3178,.F.);
#3178 = EDGE_CURVE('',#3140,#3171,#3179,.T.);
#3179 = LINE('',#3180,#3181);
#3180 = CARTESIAN_POINT('',(-2.5,2.5,-36.5));
#3181 = VECTOR('',#3182,1.);
#3182 = DIRECTION('',(-0.529998940003,-0.847998304005,0.));
#3183 = ORIENTED_EDGE('',*,*,#3139,.F.);
#3184 = PLANE('',#3185);
#3185 = AXIS2_PLACEMENT_3D('',#3186,#3187,#3188);
#3186 = CARTESIAN_POINT('',(-2.5,2.5,-37.));
#3187 = DIRECTION('',(-0.847998304005,0.529998940003,0.));
#3188 = DIRECTION('',(-0.529998940003,-0.847998304005,0.));
#3189 = ADVANCED_FACE('',(#3190),#3208,.T.);
#3190 = FACE_BOUND('',#3191,.T.);
#3191 = EDGE_LOOP('',(#3192,#3193,#3201,#3207));
#3192 = ORIENTED_EDGE('',*,*,#2939,.T.);
#3193 = ORIENTED_EDGE('',*,*,#3194,.T.);
#3194 = EDGE_CURVE('',#2942,#3195,#3197,.T.);
#3195 = VERTEX_POINT('',#3196);
#3196 = CARTESIAN_POINT('',(-4.,1.,-36.5));
#3197 = LINE('',#3198,#3199);
#3198 = CARTESIAN_POINT('',(-4.,1.,-37.));
#3199 = VECTOR('',#3200,1.);
#3200 = DIRECTION('',(0.,0.,1.));
#3201 = ORIENTED_EDGE('',*,*,#3202,.F.);
#3202 = EDGE_CURVE('',#3171,#3195,#3203,.T.);
#3203 = LINE('',#3204,#3205);
#3204 = CARTESIAN_POINT('',(-3.,1.7,-36.5));
#3205 = VECTOR('',#3206,1.);
#3206 = DIRECTION('',(-0.819231920519,-0.573462344363,0.));
#3207 = ORIENTED_EDGE('',*,*,#3170,.F.);
#3208 = PLANE('',#3209);
#3209 = AXIS2_PLACEMENT_3D('',#3210,#3211,#3212);
#3210 = CARTESIAN_POINT('',(-3.,1.7,-37.));
#3211 = DIRECTION('',(-0.573462344363,0.819231920519,0.));
#3212 = DIRECTION('',(-0.819231920519,-0.573462344363,0.));
#3213 = ADVANCED_FACE('',(#3214),#3340,.F.);
#3214 = FACE_BOUND('',#3215,.T.);
#3215 = EDGE_LOOP('',(#3216,#3226,#3232,#3233,#3241,#3249,#3255,#3256,
    #3262,#3263,#3264,#3270,#3278,#3286,#3294,#3302,#3310,#3318,#3326,
    #3334));
#3216 = ORIENTED_EDGE('',*,*,#3217,.F.);
#3217 = EDGE_CURVE('',#3218,#3220,#3222,.T.);
#3218 = VERTEX_POINT('',#3219);
#3219 = CARTESIAN_POINT('',(1.75,2.5,-36.5));
#3220 = VERTEX_POINT('',#3221);
#3221 = CARTESIAN_POINT('',(2.,2.,-36.5));
#3222 = LINE('',#3223,#3224);
#3223 = CARTESIAN_POINT('',(1.5,3.,-36.5));
#3224 = VECTOR('',#3225,1.);
#3225 = DIRECTION('',(0.4472135955,-0.894427191,0.));
#3226 = ORIENTED_EDGE('',*,*,#3227,.F.);
#3227 = EDGE_CURVE('',#2918,#3218,#3228,.T.);
#3228 = LINE('',#3229,#3230);
#3229 = CARTESIAN_POINT('',(1.75,2.5,-37.));
#3230 = VECTOR('',#3231,1.);
#3231 = DIRECTION('',(0.,0.,1.));
#3232 = ORIENTED_EDGE('',*,*,#2917,.T.);
#3233 = ORIENTED_EDGE('',*,*,#3234,.F.);
#3234 = EDGE_CURVE('',#3235,#2910,#3237,.T.);
#3235 = VERTEX_POINT('',#3236);
#3236 = CARTESIAN_POINT('',(2.,2.,-37.));
#3237 = LINE('',#3238,#3239);
#3238 = CARTESIAN_POINT('',(2.,2.,-37.));
#3239 = VECTOR('',#3240,1.);
#3240 = DIRECTION('',(0.,0.,1.));
#3241 = ORIENTED_EDGE('',*,*,#3242,.F.);
#3242 = EDGE_CURVE('',#3243,#3235,#3245,.T.);
#3243 = VERTEX_POINT('',#3244);
#3244 = CARTESIAN_POINT('',(1.5,3.,-37.));
#3245 = LINE('',#3246,#3247);
#3246 = CARTESIAN_POINT('',(2.0125,1.975,-37.));
#3247 = VECTOR('',#3248,1.);
#3248 = DIRECTION('',(0.4472135955,-0.894427191,0.));
#3249 = ORIENTED_EDGE('',*,*,#3250,.F.);
#3250 = EDGE_CURVE('',#2814,#3243,#3251,.T.);
#3251 = LINE('',#3252,#3253);
#3252 = CARTESIAN_POINT('',(1.5,3.,-33.25));
#3253 = VECTOR('',#3254,1.);
#3254 = DIRECTION('',(0.,0.,-1.));
#3255 = ORIENTED_EDGE('',*,*,#2811,.F.);
#3256 = ORIENTED_EDGE('',*,*,#3257,.F.);
#3257 = EDGE_CURVE('',#2513,#2812,#3258,.T.);
#3258 = LINE('',#3259,#3260);
#3259 = CARTESIAN_POINT('',(2.,2.,-32.5));
#3260 = VECTOR('',#3261,1.);
#3261 = DIRECTION('',(0.,0.,1.));
#3262 = ORIENTED_EDGE('',*,*,#2512,.T.);
#3263 = ORIENTED_EDGE('',*,*,#2694,.F.);
#3264 = ORIENTED_EDGE('',*,*,#3265,.T.);
#3265 = EDGE_CURVE('',#2687,#2648,#3266,.T.);
#3266 = LINE('',#3267,#3268);
#3267 = CARTESIAN_POINT('',(1.5,3.,-32.5));
#3268 = VECTOR('',#3269,1.);
#3269 = DIRECTION('',(0.4472135955,-0.894427191,0.));
#3270 = ORIENTED_EDGE('',*,*,#3271,.F.);
#3271 = EDGE_CURVE('',#3272,#2648,#3274,.T.);
#3272 = VERTEX_POINT('',#3273);
#3273 = CARTESIAN_POINT('',(2.,2.,-33.5));
#3274 = LINE('',#3275,#3276);
#3275 = CARTESIAN_POINT('',(2.,2.,-32.));
#3276 = VECTOR('',#3277,1.);
#3277 = DIRECTION('',(0.,0.,1.));
#3278 = ORIENTED_EDGE('',*,*,#3279,.F.);
#3279 = EDGE_CURVE('',#3280,#3272,#3282,.T.);
#3280 = VERTEX_POINT('',#3281);
#3281 = CARTESIAN_POINT('',(1.75,2.5,-33.5));
#3282 = LINE('',#3283,#3284);
#3283 = CARTESIAN_POINT('',(1.5,3.,-33.5));
#3284 = VECTOR('',#3285,1.);
#3285 = DIRECTION('',(0.4472135955,-0.894427191,0.));
#3286 = ORIENTED_EDGE('',*,*,#3287,.F.);
#3287 = EDGE_CURVE('',#3288,#3280,#3290,.T.);
#3288 = VERTEX_POINT('',#3289);
#3289 = CARTESIAN_POINT('',(1.75,2.5,-34.));
#3290 = LINE('',#3291,#3292);
#3291 = CARTESIAN_POINT('',(1.75,2.5,-34.));
#3292 = VECTOR('',#3293,1.);
#3293 = DIRECTION('',(0.,0.,1.));
#3294 = ORIENTED_EDGE('',*,*,#3295,.T.);
#3295 = EDGE_CURVE('',#3288,#3296,#3298,.T.);
#3296 = VERTEX_POINT('',#3297);
#3297 = CARTESIAN_POINT('',(2.,2.,-34.));
#3298 = LINE('',#3299,#3300);
#3299 = CARTESIAN_POINT('',(1.5,3.,-34.));
#3300 = VECTOR('',#3301,1.);
#3301 = DIRECTION('',(0.4472135955,-0.894427191,0.));
#3302 = ORIENTED_EDGE('',*,*,#3303,.F.);
#3303 = EDGE_CURVE('',#3304,#3296,#3306,.T.);
#3304 = VERTEX_POINT('',#3305);
#3305 = CARTESIAN_POINT('',(2.,2.,-35.));
#3306 = LINE('',#3307,#3308);
#3307 = CARTESIAN_POINT('',(2.,2.,-32.));
#3308 = VECTOR('',#3309,1.);
#3309 = DIRECTION('',(0.,0.,1.));
#3310 = ORIENTED_EDGE('',*,*,#3311,.F.);
#3311 = EDGE_CURVE('',#3312,#3304,#3314,.T.);
#3312 = VERTEX_POINT('',#3313);
#3313 = CARTESIAN_POINT('',(1.75,2.5,-35.));
#3314 = LINE('',#3315,#3316);
#3315 = CARTESIAN_POINT('',(1.5,3.,-35.));
#3316 = VECTOR('',#3317,1.);
#3317 = DIRECTION('',(0.4472135955,-0.894427191,0.));
#3318 = ORIENTED_EDGE('',*,*,#3319,.F.);
#3319 = EDGE_CURVE('',#3320,#3312,#3322,.T.);
#3320 = VERTEX_POINT('',#3321);
#3321 = CARTESIAN_POINT('',(1.75,2.5,-35.5));
#3322 = LINE('',#3323,#3324);
#3323 = CARTESIAN_POINT('',(1.75,2.5,-35.5));
#3324 = VECTOR('',#3325,1.);
#3325 = DIRECTION('',(0.,0.,1.));
#3326 = ORIENTED_EDGE('',*,*,#3327,.T.);
#3327 = EDGE_CURVE('',#3320,#3328,#3330,.T.);
#3328 = VERTEX_POINT('',#3329);
#3329 = CARTESIAN_POINT('',(2.,2.,-35.5));
#3330 = LINE('',#3331,#3332);
#3331 = CARTESIAN_POINT('',(1.5,3.,-35.5));
#3332 = VECTOR('',#3333,1.);
#3333 = DIRECTION('',(0.4472135955,-0.894427191,0.));
#3334 = ORIENTED_EDGE('',*,*,#3335,.F.);
#3335 = EDGE_CURVE('',#3220,#3328,#3336,.T.);
#3336 = LINE('',#3337,#3338);
#3337 = CARTESIAN_POINT('',(2.,2.,-32.));
#3338 = VECTOR('',#3339,1.);
#3339 = DIRECTION('',(0.,0.,1.));
#3340 = PLANE('',#3341);
#3341 = AXIS2_PLACEMENT_3D('',#3342,#3343,#3344);
#3342 = CARTESIAN_POINT('',(2.,2.,-32.));
#3343 = DIRECTION('',(-0.894427191,-0.4472135955,0.));
#3344 = DIRECTION('',(-0.4472135955,0.894427191,0.));
#3345 = ADVANCED_FACE('',(#3346),#3467,.F.);
#3346 = FACE_BOUND('',#3347,.T.);
#3347 = EDGE_LOOP('',(#3348,#3349,#3350,#3356,#3357,#3365,#3373,#3379,
    #3380,#3381,#3389,#3397,#3405,#3413,#3421,#3429,#3437,#3445,#3453,
    #3461));
#3348 = ORIENTED_EDGE('',*,*,#2788,.T.);
#3349 = ORIENTED_EDGE('',*,*,#2632,.T.);
#3350 = ORIENTED_EDGE('',*,*,#3351,.T.);
#3351 = EDGE_CURVE('',#2625,#2830,#3352,.T.);
#3352 = LINE('',#3353,#3354);
#3353 = CARTESIAN_POINT('',(-2.,2.,-32.5));
#3354 = VECTOR('',#3355,1.);
#3355 = DIRECTION('',(0.,0.,1.));
#3356 = ORIENTED_EDGE('',*,*,#2829,.F.);
#3357 = ORIENTED_EDGE('',*,*,#3358,.F.);
#3358 = EDGE_CURVE('',#3359,#2822,#3361,.T.);
#3359 = VERTEX_POINT('',#3360);
#3360 = CARTESIAN_POINT('',(-1.5,3.,-37.));
#3361 = LINE('',#3362,#3363);
#3362 = CARTESIAN_POINT('',(-1.5,3.,-33.25));
#3363 = VECTOR('',#3364,1.);
#3364 = DIRECTION('',(0.,0.,1.));
#3365 = ORIENTED_EDGE('',*,*,#3366,.F.);
#3366 = EDGE_CURVE('',#3367,#3359,#3369,.T.);
#3367 = VERTEX_POINT('',#3368);
#3368 = CARTESIAN_POINT('',(-2.,2.,-37.));
#3369 = LINE('',#3370,#3371);
#3370 = CARTESIAN_POINT('',(-1.5625,2.875,-37.));
#3371 = VECTOR('',#3372,1.);
#3372 = DIRECTION('',(0.4472135955,0.894427191,0.));
#3373 = ORIENTED_EDGE('',*,*,#3374,.T.);
#3374 = EDGE_CURVE('',#3367,#2966,#3375,.T.);
#3375 = LINE('',#3376,#3377);
#3376 = CARTESIAN_POINT('',(-2.,2.,-37.));
#3377 = VECTOR('',#3378,1.);
#3378 = DIRECTION('',(0.,0.,1.));
#3379 = ORIENTED_EDGE('',*,*,#2965,.T.);
#3380 = ORIENTED_EDGE('',*,*,#3155,.T.);
#3381 = ORIENTED_EDGE('',*,*,#3382,.F.);
#3382 = EDGE_CURVE('',#3383,#3148,#3385,.T.);
#3383 = VERTEX_POINT('',#3384);
#3384 = CARTESIAN_POINT('',(-2.,2.,-36.5));
#3385 = LINE('',#3386,#3387);
#3386 = CARTESIAN_POINT('',(-2.,2.,-36.5));
#3387 = VECTOR('',#3388,1.);
#3388 = DIRECTION('',(0.4472135955,0.894427191,0.));
#3389 = ORIENTED_EDGE('',*,*,#3390,.F.);
#3390 = EDGE_CURVE('',#3391,#3383,#3393,.T.);
#3391 = VERTEX_POINT('',#3392);
#3392 = CARTESIAN_POINT('',(-2.,2.,-35.5));
#3393 = LINE('',#3394,#3395);
#3394 = CARTESIAN_POINT('',(-2.,2.,-34.5));
#3395 = VECTOR('',#3396,1.);
#3396 = DIRECTION('',(0.,0.,-1.));
#3397 = ORIENTED_EDGE('',*,*,#3398,.T.);
#3398 = EDGE_CURVE('',#3391,#3399,#3401,.T.);
#3399 = VERTEX_POINT('',#3400);
#3400 = CARTESIAN_POINT('',(-1.75,2.5,-35.5));
#3401 = LINE('',#3402,#3403);
#3402 = CARTESIAN_POINT('',(-2.,2.,-35.5));
#3403 = VECTOR('',#3404,1.);
#3404 = DIRECTION('',(0.4472135955,0.894427191,0.));
#3405 = ORIENTED_EDGE('',*,*,#3406,.T.);
#3406 = EDGE_CURVE('',#3399,#3407,#3409,.T.);
#3407 = VERTEX_POINT('',#3408);
#3408 = CARTESIAN_POINT('',(-1.75,2.5,-35.));
#3409 = LINE('',#3410,#3411);
#3410 = CARTESIAN_POINT('',(-1.75,2.5,-35.5));
#3411 = VECTOR('',#3412,1.);
#3412 = DIRECTION('',(0.,0.,1.));
#3413 = ORIENTED_EDGE('',*,*,#3414,.F.);
#3414 = EDGE_CURVE('',#3415,#3407,#3417,.T.);
#3415 = VERTEX_POINT('',#3416);
#3416 = CARTESIAN_POINT('',(-2.,2.,-35.));
#3417 = LINE('',#3418,#3419);
#3418 = CARTESIAN_POINT('',(-2.,2.,-35.));
#3419 = VECTOR('',#3420,1.);
#3420 = DIRECTION('',(0.4472135955,0.894427191,0.));
#3421 = ORIENTED_EDGE('',*,*,#3422,.F.);
#3422 = EDGE_CURVE('',#3423,#3415,#3425,.T.);
#3423 = VERTEX_POINT('',#3424);
#3424 = CARTESIAN_POINT('',(-2.,2.,-34.));
#3425 = LINE('',#3426,#3427);
#3426 = CARTESIAN_POINT('',(-2.,2.,-34.5));
#3427 = VECTOR('',#3428,1.);
#3428 = DIRECTION('',(0.,0.,-1.));
#3429 = ORIENTED_EDGE('',*,*,#3430,.T.);
#3430 = EDGE_CURVE('',#3423,#3431,#3433,.T.);
#3431 = VERTEX_POINT('',#3432);
#3432 = CARTESIAN_POINT('',(-1.75,2.5,-34.));
#3433 = LINE('',#3434,#3435);
#3434 = CARTESIAN_POINT('',(-2.,2.,-34.));
#3435 = VECTOR('',#3436,1.);
#3436 = DIRECTION('',(0.4472135955,0.894427191,0.));
#3437 = ORIENTED_EDGE('',*,*,#3438,.T.);
#3438 = EDGE_CURVE('',#3431,#3439,#3441,.T.);
#3439 = VERTEX_POINT('',#3440);
#3440 = CARTESIAN_POINT('',(-1.75,2.5,-33.5));
#3441 = LINE('',#3442,#3443);
#3442 = CARTESIAN_POINT('',(-1.75,2.5,-34.));
#3443 = VECTOR('',#3444,1.);
#3444 = DIRECTION('',(0.,0.,1.));
#3445 = ORIENTED_EDGE('',*,*,#3446,.F.);
#3446 = EDGE_CURVE('',#3447,#3439,#3449,.T.);
#3447 = VERTEX_POINT('',#3448);
#3448 = CARTESIAN_POINT('',(-2.,2.,-33.5));
#3449 = LINE('',#3450,#3451);
#3450 = CARTESIAN_POINT('',(-2.,2.,-33.5));
#3451 = VECTOR('',#3452,1.);
#3452 = DIRECTION('',(0.4472135955,0.894427191,0.));
#3453 = ORIENTED_EDGE('',*,*,#3454,.F.);
#3454 = EDGE_CURVE('',#3455,#3447,#3457,.T.);
#3455 = VERTEX_POINT('',#3456);
#3456 = CARTESIAN_POINT('',(-2.,2.,-32.5));
#3457 = LINE('',#3458,#3459);
#3458 = CARTESIAN_POINT('',(-2.,2.,-34.5));
#3459 = VECTOR('',#3460,1.);
#3460 = DIRECTION('',(0.,0.,-1.));
#3461 = ORIENTED_EDGE('',*,*,#3462,.T.);
#3462 = EDGE_CURVE('',#3455,#2789,#3463,.T.);
#3463 = LINE('',#3464,#3465);
#3464 = CARTESIAN_POINT('',(-2.,2.,-32.5));
#3465 = VECTOR('',#3466,1.);
#3466 = DIRECTION('',(0.4472135955,0.894427191,0.));
#3467 = PLANE('',#3468);
#3468 = AXIS2_PLACEMENT_3D('',#3469,#3470,#3471);
#3469 = CARTESIAN_POINT('',(-1.5,3.,-32.));
#3470 = DIRECTION('',(0.894427191,-0.4472135955,0.));
#3471 = DIRECTION('',(-0.4472135955,-0.894427191,0.));
#3472 = ADVANCED_FACE('',(#3473),#3519,.F.);
#3473 = FACE_BOUND('',#3474,.T.);
#3474 = EDGE_LOOP('',(#3475,#3483,#3489,#3490,#3491,#3497,#3498,#3504,
    #3505,#3511,#3512,#3518));
#3475 = ORIENTED_EDGE('',*,*,#3476,.F.);
#3476 = EDGE_CURVE('',#3477,#3367,#3479,.T.);
#3477 = VERTEX_POINT('',#3478);
#3478 = CARTESIAN_POINT('',(-1.5,1.,-37.));
#3479 = LINE('',#3480,#3481);
#3480 = CARTESIAN_POINT('',(-1.4,0.8,-37.));
#3481 = VECTOR('',#3482,1.);
#3482 = DIRECTION('',(-0.4472135955,0.894427191,0.));
#3483 = ORIENTED_EDGE('',*,*,#3484,.F.);
#3484 = EDGE_CURVE('',#2838,#3477,#3485,.T.);
#3485 = LINE('',#3486,#3487);
#3486 = CARTESIAN_POINT('',(-1.5,1.,-33.25));
#3487 = VECTOR('',#3488,1.);
#3488 = DIRECTION('',(0.,0.,-1.));
#3489 = ORIENTED_EDGE('',*,*,#2837,.F.);
#3490 = ORIENTED_EDGE('',*,*,#3351,.F.);
#3491 = ORIENTED_EDGE('',*,*,#3492,.F.);
#3492 = EDGE_CURVE('',#3455,#2625,#3493,.T.);
#3493 = LINE('',#3494,#3495);
#3494 = CARTESIAN_POINT('',(-2.,2.,-32.5));
#3495 = VECTOR('',#3496,1.);
#3496 = DIRECTION('',(0.,0.,1.));
#3497 = ORIENTED_EDGE('',*,*,#3454,.T.);
#3498 = ORIENTED_EDGE('',*,*,#3499,.F.);
#3499 = EDGE_CURVE('',#3423,#3447,#3500,.T.);
#3500 = LINE('',#3501,#3502);
#3501 = CARTESIAN_POINT('',(-2.,2.,-34.));
#3502 = VECTOR('',#3503,1.);
#3503 = DIRECTION('',(0.,0.,1.));
#3504 = ORIENTED_EDGE('',*,*,#3422,.T.);
#3505 = ORIENTED_EDGE('',*,*,#3506,.F.);
#3506 = EDGE_CURVE('',#3391,#3415,#3507,.T.);
#3507 = LINE('',#3508,#3509);
#3508 = CARTESIAN_POINT('',(-2.,2.,-35.5));
#3509 = VECTOR('',#3510,1.);
#3510 = DIRECTION('',(0.,0.,1.));
#3511 = ORIENTED_EDGE('',*,*,#3390,.T.);
#3512 = ORIENTED_EDGE('',*,*,#3513,.F.);
#3513 = EDGE_CURVE('',#2966,#3383,#3514,.T.);
#3514 = LINE('',#3515,#3516);
#3515 = CARTESIAN_POINT('',(-2.,2.,-37.));
#3516 = VECTOR('',#3517,1.);
#3517 = DIRECTION('',(0.,0.,1.));
#3518 = ORIENTED_EDGE('',*,*,#3374,.F.);
#3519 = PLANE('',#3520);
#3520 = AXIS2_PLACEMENT_3D('',#3521,#3522,#3523);
#3521 = CARTESIAN_POINT('',(-2.,2.,-32.));
#3522 = DIRECTION('',(0.894427191,0.4472135955,0.));
#3523 = DIRECTION('',(0.4472135955,-0.894427191,0.));
#3524 = ADVANCED_FACE('',(#3525),#3566,.F.);
#3525 = FACE_BOUND('',#3526,.T.);
#3526 = EDGE_LOOP('',(#3527,#3535,#3536,#3542,#3543,#3549,#3550,#3556,
    #3557,#3558,#3559,#3560));
#3527 = ORIENTED_EDGE('',*,*,#3528,.F.);
#3528 = EDGE_CURVE('',#3235,#3529,#3531,.T.);
#3529 = VERTEX_POINT('',#3530);
#3530 = CARTESIAN_POINT('',(1.5,1.,-37.));
#3531 = LINE('',#3532,#3533);
#3532 = CARTESIAN_POINT('',(1.55,1.1,-37.));
#3533 = VECTOR('',#3534,1.);
#3534 = DIRECTION('',(-0.4472135955,-0.894427191,0.));
#3535 = ORIENTED_EDGE('',*,*,#3234,.T.);
#3536 = ORIENTED_EDGE('',*,*,#3537,.T.);
#3537 = EDGE_CURVE('',#2910,#3220,#3538,.T.);
#3538 = LINE('',#3539,#3540);
#3539 = CARTESIAN_POINT('',(2.,2.,-37.));
#3540 = VECTOR('',#3541,1.);
#3541 = DIRECTION('',(0.,0.,1.));
#3542 = ORIENTED_EDGE('',*,*,#3335,.T.);
#3543 = ORIENTED_EDGE('',*,*,#3544,.T.);
#3544 = EDGE_CURVE('',#3328,#3304,#3545,.T.);
#3545 = LINE('',#3546,#3547);
#3546 = CARTESIAN_POINT('',(2.,2.,-35.5));
#3547 = VECTOR('',#3548,1.);
#3548 = DIRECTION('',(0.,0.,1.));
#3549 = ORIENTED_EDGE('',*,*,#3303,.T.);
#3550 = ORIENTED_EDGE('',*,*,#3551,.T.);
#3551 = EDGE_CURVE('',#3296,#3272,#3552,.T.);
#3552 = LINE('',#3553,#3554);
#3553 = CARTESIAN_POINT('',(2.,2.,-34.));
#3554 = VECTOR('',#3555,1.);
#3555 = DIRECTION('',(0.,0.,1.));
#3556 = ORIENTED_EDGE('',*,*,#3271,.T.);
#3557 = ORIENTED_EDGE('',*,*,#2647,.T.);
#3558 = ORIENTED_EDGE('',*,*,#3257,.T.);
#3559 = ORIENTED_EDGE('',*,*,#2853,.F.);
#3560 = ORIENTED_EDGE('',*,*,#3561,.F.);
#3561 = EDGE_CURVE('',#3529,#2846,#3562,.T.);
#3562 = LINE('',#3563,#3564);
#3563 = CARTESIAN_POINT('',(1.5,1.,-33.25));
#3564 = VECTOR('',#3565,1.);
#3565 = DIRECTION('',(0.,0.,1.));
#3566 = PLANE('',#3567);
#3567 = AXIS2_PLACEMENT_3D('',#3568,#3569,#3570);
#3568 = CARTESIAN_POINT('',(1.5,1.,-32.));
#3569 = DIRECTION('',(-0.894427191,0.4472135955,0.));
#3570 = DIRECTION('',(0.4472135955,0.894427191,0.));
#3571 = ADVANCED_FACE('',(#3572),#3583,.F.);
#3572 = FACE_BOUND('',#3573,.T.);
#3573 = EDGE_LOOP('',(#3574,#3575,#3581,#3582));
#3574 = ORIENTED_EDGE('',*,*,#3484,.T.);
#3575 = ORIENTED_EDGE('',*,*,#3576,.T.);
#3576 = EDGE_CURVE('',#3477,#3529,#3577,.T.);
#3577 = LINE('',#3578,#3579);
#3578 = CARTESIAN_POINT('',(-2.,1.,-37.));
#3579 = VECTOR('',#3580,1.);
#3580 = DIRECTION('',(1.,0.,0.));
#3581 = ORIENTED_EDGE('',*,*,#3561,.T.);
#3582 = ORIENTED_EDGE('',*,*,#2845,.T.);
#3583 = PLANE('',#3584);
#3584 = AXIS2_PLACEMENT_3D('',#3585,#3586,#3587);
#3585 = CARTESIAN_POINT('',(-2.22044604925E-15,1.,-34.5));
#3586 = DIRECTION('',(0.,1.,0.));
#3587 = DIRECTION('',(-1.,0.,0.));
#3588 = ADVANCED_FACE('',(#3589),#3600,.T.);
#3589 = FACE_BOUND('',#3590,.T.);
#3590 = EDGE_LOOP('',(#3591,#3592,#3593,#3594));
#3591 = ORIENTED_EDGE('',*,*,#3358,.T.);
#3592 = ORIENTED_EDGE('',*,*,#2821,.T.);
#3593 = ORIENTED_EDGE('',*,*,#3250,.T.);
#3594 = ORIENTED_EDGE('',*,*,#3595,.T.);
#3595 = EDGE_CURVE('',#3243,#3359,#3596,.T.);
#3596 = LINE('',#3597,#3598);
#3597 = CARTESIAN_POINT('',(-2.,3.,-37.));
#3598 = VECTOR('',#3599,1.);
#3599 = DIRECTION('',(-1.,0.,0.));
#3600 = PLANE('',#3601);
#3601 = AXIS2_PLACEMENT_3D('',#3602,#3603,#3604);
#3602 = CARTESIAN_POINT('',(-2.22044604925E-15,3.,-34.5));
#3603 = DIRECTION('',(0.,1.,0.));
#3604 = DIRECTION('',(0.,-0.,1.));
#3605 = ADVANCED_FACE('',(#3606),#3640,.T.);
#3606 = FACE_BOUND('',#3607,.T.);
#3607 = EDGE_LOOP('',(#3608,#3618,#3626,#3634));
#3608 = ORIENTED_EDGE('',*,*,#3609,.F.);
#3609 = EDGE_CURVE('',#3610,#3612,#3614,.T.);
#3610 = VERTEX_POINT('',#3611);
#3611 = CARTESIAN_POINT('',(-2.222876179246,2.,-35.5));
#3612 = VERTEX_POINT('',#3613);
#3613 = CARTESIAN_POINT('',(-2.629921852868,1.348726922206,-35.5));
#3614 = LINE('',#3615,#3616);
#3615 = CARTESIAN_POINT('',(-2.222876179246,2.,-35.5));
#3616 = VECTOR('',#3617,1.);
#3617 = DIRECTION('',(-0.529998940003,-0.847998304005,0.));
#3618 = ORIENTED_EDGE('',*,*,#3619,.T.);
#3619 = EDGE_CURVE('',#3610,#3620,#3622,.T.);
#3620 = VERTEX_POINT('',#3621);
#3621 = CARTESIAN_POINT('',(-2.222876179246,2.,-35.));
#3622 = LINE('',#3623,#3624);
#3623 = CARTESIAN_POINT('',(-2.222876179246,2.,-35.5));
#3624 = VECTOR('',#3625,1.);
#3625 = DIRECTION('',(0.,0.,1.));
#3626 = ORIENTED_EDGE('',*,*,#3627,.F.);
#3627 = EDGE_CURVE('',#3628,#3620,#3630,.T.);
#3628 = VERTEX_POINT('',#3629);
#3629 = CARTESIAN_POINT('',(-2.629921852868,1.348726922206,-35.));
#3630 = LINE('',#3631,#3632);
#3631 = CARTESIAN_POINT('',(-2.222876179246,2.,-35.));
#3632 = VECTOR('',#3633,1.);
#3633 = DIRECTION('',(0.529998940003,0.847998304005,0.));
#3634 = ORIENTED_EDGE('',*,*,#3635,.F.);
#3635 = EDGE_CURVE('',#3612,#3628,#3636,.T.);
#3636 = LINE('',#3637,#3638);
#3637 = CARTESIAN_POINT('',(-2.629921852868,1.348726922206,-35.5));
#3638 = VECTOR('',#3639,1.);
#3639 = DIRECTION('',(0.,0.,1.));
#3640 = PLANE('',#3641);
#3641 = AXIS2_PLACEMENT_3D('',#3642,#3643,#3644);
#3642 = CARTESIAN_POINT('',(-2.629921852868,1.348726922206,-35.5));
#3643 = DIRECTION('',(0.847998304005,-0.529998940003,0.));
#3644 = DIRECTION('',(0.529998940003,0.847998304005,0.));
#3645 = ADVANCED_FACE('',(#3646),#3671,.T.);
#3646 = FACE_BOUND('',#3647,.T.);
#3647 = EDGE_LOOP('',(#3648,#3656,#3657,#3665));
#3648 = ORIENTED_EDGE('',*,*,#3649,.F.);
#3649 = EDGE_CURVE('',#3612,#3650,#3652,.T.);
#3650 = VERTEX_POINT('',#3651);
#3651 = CARTESIAN_POINT('',(-3.128103170305,1.,-35.5));
#3652 = LINE('',#3653,#3654);
#3653 = CARTESIAN_POINT('',(-2.629921852868,1.348726922206,-35.5));
#3654 = VECTOR('',#3655,1.);
#3655 = DIRECTION('',(-0.819231920519,-0.573462344363,0.));
#3656 = ORIENTED_EDGE('',*,*,#3635,.T.);
#3657 = ORIENTED_EDGE('',*,*,#3658,.F.);
#3658 = EDGE_CURVE('',#3659,#3628,#3661,.T.);
#3659 = VERTEX_POINT('',#3660);
#3660 = CARTESIAN_POINT('',(-3.128103170305,1.,-35.));
#3661 = LINE('',#3662,#3663);
#3662 = CARTESIAN_POINT('',(-2.629921852868,1.348726922206,-35.));
#3663 = VECTOR('',#3664,1.);
#3664 = DIRECTION('',(0.819231920519,0.573462344363,0.));
#3665 = ORIENTED_EDGE('',*,*,#3666,.F.);
#3666 = EDGE_CURVE('',#3650,#3659,#3667,.T.);
#3667 = LINE('',#3668,#3669);
#3668 = CARTESIAN_POINT('',(-3.128103170305,1.,-35.5));
#3669 = VECTOR('',#3670,1.);
#3670 = DIRECTION('',(0.,0.,1.));
#3671 = PLANE('',#3672);
#3672 = AXIS2_PLACEMENT_3D('',#3673,#3674,#3675);
#3673 = CARTESIAN_POINT('',(-3.128103170305,1.,-35.5));
#3674 = DIRECTION('',(0.573462344363,-0.819231920519,0.));
#3675 = DIRECTION('',(0.819231920519,0.573462344363,0.));
#3676 = ADVANCED_FACE('',(#3677),#3702,.T.);
#3677 = FACE_BOUND('',#3678,.T.);
#3678 = EDGE_LOOP('',(#3679,#3687,#3688,#3696));
#3679 = ORIENTED_EDGE('',*,*,#3680,.F.);
#3680 = EDGE_CURVE('',#3650,#3681,#3683,.T.);
#3681 = VERTEX_POINT('',#3682);
#3682 = CARTESIAN_POINT('',(-4.,1.,-35.5));
#3683 = LINE('',#3684,#3685);
#3684 = CARTESIAN_POINT('',(4.,1.,-35.5));
#3685 = VECTOR('',#3686,1.);
#3686 = DIRECTION('',(-1.,-1.179611963664E-15,0.));
#3687 = ORIENTED_EDGE('',*,*,#3666,.T.);
#3688 = ORIENTED_EDGE('',*,*,#3689,.F.);
#3689 = EDGE_CURVE('',#3690,#3659,#3692,.T.);
#3690 = VERTEX_POINT('',#3691);
#3691 = CARTESIAN_POINT('',(-4.,1.,-35.));
#3692 = LINE('',#3693,#3694);
#3693 = CARTESIAN_POINT('',(4.,1.,-35.));
#3694 = VECTOR('',#3695,1.);
#3695 = DIRECTION('',(1.,1.179611963664E-15,0.));
#3696 = ORIENTED_EDGE('',*,*,#3697,.F.);
#3697 = EDGE_CURVE('',#3681,#3690,#3698,.T.);
#3698 = LINE('',#3699,#3700);
#3699 = CARTESIAN_POINT('',(-4.,1.,-35.5));
#3700 = VECTOR('',#3701,1.);
#3701 = DIRECTION('',(0.,0.,1.));
#3702 = PLANE('',#3703);
#3703 = AXIS2_PLACEMENT_3D('',#3704,#3705,#3706);
#3704 = CARTESIAN_POINT('',(-4.,1.,-35.5));
#3705 = DIRECTION('',(1.179611963664E-15,-1.,0.));
#3706 = DIRECTION('',(1.,1.179611963664E-15,0.));
#3707 = ADVANCED_FACE('',(#3708),#3733,.T.);
#3708 = FACE_BOUND('',#3709,.T.);
#3709 = EDGE_LOOP('',(#3710,#3718,#3719,#3727));
#3710 = ORIENTED_EDGE('',*,*,#3711,.T.);
#3711 = EDGE_CURVE('',#3712,#3681,#3714,.T.);
#3712 = VERTEX_POINT('',#3713);
#3713 = CARTESIAN_POINT('',(-3.,1.7,-35.5));
#3714 = LINE('',#3715,#3716);
#3715 = CARTESIAN_POINT('',(-3.,1.7,-35.5));
#3716 = VECTOR('',#3717,1.);
#3717 = DIRECTION('',(-0.819231920519,-0.573462344363,0.));
#3718 = ORIENTED_EDGE('',*,*,#3697,.T.);
#3719 = ORIENTED_EDGE('',*,*,#3720,.F.);
#3720 = EDGE_CURVE('',#3721,#3690,#3723,.T.);
#3721 = VERTEX_POINT('',#3722);
#3722 = CARTESIAN_POINT('',(-3.,1.7,-35.));
#3723 = LINE('',#3724,#3725);
#3724 = CARTESIAN_POINT('',(-3.,1.7,-35.));
#3725 = VECTOR('',#3726,1.);
#3726 = DIRECTION('',(-0.819231920519,-0.573462344363,0.));
#3727 = ORIENTED_EDGE('',*,*,#3728,.F.);
#3728 = EDGE_CURVE('',#3712,#3721,#3729,.T.);
#3729 = LINE('',#3730,#3731);
#3730 = CARTESIAN_POINT('',(-3.,1.7,-35.5));
#3731 = VECTOR('',#3732,1.);
#3732 = DIRECTION('',(0.,0.,1.));
#3733 = PLANE('',#3734);
#3734 = AXIS2_PLACEMENT_3D('',#3735,#3736,#3737);
#3735 = CARTESIAN_POINT('',(-3.,1.7,-35.5));
#3736 = DIRECTION('',(-0.573462344363,0.819231920519,0.));
#3737 = DIRECTION('',(-0.819231920519,-0.573462344363,0.));
#3738 = ADVANCED_FACE('',(#3739),#3764,.T.);
#3739 = FACE_BOUND('',#3740,.T.);
#3740 = EDGE_LOOP('',(#3741,#3749,#3750,#3758));
#3741 = ORIENTED_EDGE('',*,*,#3742,.T.);
#3742 = EDGE_CURVE('',#3743,#3712,#3745,.T.);
#3743 = VERTEX_POINT('',#3744);
#3744 = CARTESIAN_POINT('',(-2.5,2.5,-35.5));
#3745 = LINE('',#3746,#3747);
#3746 = CARTESIAN_POINT('',(-2.5,2.5,-35.5));
#3747 = VECTOR('',#3748,1.);
#3748 = DIRECTION('',(-0.529998940003,-0.847998304005,0.));
#3749 = ORIENTED_EDGE('',*,*,#3728,.T.);
#3750 = ORIENTED_EDGE('',*,*,#3751,.F.);
#3751 = EDGE_CURVE('',#3752,#3721,#3754,.T.);
#3752 = VERTEX_POINT('',#3753);
#3753 = CARTESIAN_POINT('',(-2.5,2.5,-35.));
#3754 = LINE('',#3755,#3756);
#3755 = CARTESIAN_POINT('',(-2.5,2.5,-35.));
#3756 = VECTOR('',#3757,1.);
#3757 = DIRECTION('',(-0.529998940003,-0.847998304005,0.));
#3758 = ORIENTED_EDGE('',*,*,#3759,.F.);
#3759 = EDGE_CURVE('',#3743,#3752,#3760,.T.);
#3760 = LINE('',#3761,#3762);
#3761 = CARTESIAN_POINT('',(-2.5,2.5,-35.5));
#3762 = VECTOR('',#3763,1.);
#3763 = DIRECTION('',(0.,0.,1.));
#3764 = PLANE('',#3765);
#3765 = AXIS2_PLACEMENT_3D('',#3766,#3767,#3768);
#3766 = CARTESIAN_POINT('',(-2.5,2.5,-35.5));
#3767 = DIRECTION('',(-0.847998304005,0.529998940003,0.));
#3768 = DIRECTION('',(-0.529998940003,-0.847998304005,0.));
#3769 = ADVANCED_FACE('',(#3770),#3786,.T.);
#3770 = FACE_BOUND('',#3771,.T.);
#3771 = EDGE_LOOP('',(#3772,#3778,#3779,#3785));
#3772 = ORIENTED_EDGE('',*,*,#3773,.T.);
#3773 = EDGE_CURVE('',#3399,#3743,#3774,.T.);
#3774 = LINE('',#3775,#3776);
#3775 = CARTESIAN_POINT('',(-1.75,2.5,-35.5));
#3776 = VECTOR('',#3777,1.);
#3777 = DIRECTION('',(-1.,-1.480297366167E-15,0.));
#3778 = ORIENTED_EDGE('',*,*,#3759,.T.);
#3779 = ORIENTED_EDGE('',*,*,#3780,.F.);
#3780 = EDGE_CURVE('',#3407,#3752,#3781,.T.);
#3781 = LINE('',#3782,#3783);
#3782 = CARTESIAN_POINT('',(-1.75,2.5,-35.));
#3783 = VECTOR('',#3784,1.);
#3784 = DIRECTION('',(-1.,-1.480297366167E-15,0.));
#3785 = ORIENTED_EDGE('',*,*,#3406,.F.);
#3786 = PLANE('',#3787);
#3787 = AXIS2_PLACEMENT_3D('',#3788,#3789,#3790);
#3788 = CARTESIAN_POINT('',(-1.75,2.5,-35.5));
#3789 = DIRECTION('',(-1.480297366167E-15,1.,0.));
#3790 = DIRECTION('',(-1.,-1.480297366167E-15,0.));
#3791 = ADVANCED_FACE('',(#3792),#3808,.T.);
#3792 = FACE_BOUND('',#3793,.T.);
#3793 = EDGE_LOOP('',(#3794,#3800,#3801,#3807));
#3794 = ORIENTED_EDGE('',*,*,#3795,.F.);
#3795 = EDGE_CURVE('',#3391,#3610,#3796,.T.);
#3796 = LINE('',#3797,#3798);
#3797 = CARTESIAN_POINT('',(-1.75,2.,-35.5));
#3798 = VECTOR('',#3799,1.);
#3799 = DIRECTION('',(-1.,-2.347809158825E-15,0.));
#3800 = ORIENTED_EDGE('',*,*,#3506,.T.);
#3801 = ORIENTED_EDGE('',*,*,#3802,.F.);
#3802 = EDGE_CURVE('',#3620,#3415,#3803,.T.);
#3803 = LINE('',#3804,#3805);
#3804 = CARTESIAN_POINT('',(-1.75,2.,-35.));
#3805 = VECTOR('',#3806,1.);
#3806 = DIRECTION('',(1.,2.347809158825E-15,0.));
#3807 = ORIENTED_EDGE('',*,*,#3619,.F.);
#3808 = PLANE('',#3809);
#3809 = AXIS2_PLACEMENT_3D('',#3810,#3811,#3812);
#3810 = CARTESIAN_POINT('',(-2.222876179246,2.,-35.5));
#3811 = DIRECTION('',(2.347809158825E-15,-1.,0.));
#3812 = DIRECTION('',(1.,2.347809158825E-15,0.));
#3813 = ADVANCED_FACE('',(#3814),#3824,.T.);
#3814 = FACE_BOUND('',#3815,.T.);
#3815 = EDGE_LOOP('',(#3816,#3817,#3818,#3819,#3820,#3821,#3822,#3823));
#3816 = ORIENTED_EDGE('',*,*,#3795,.T.);
#3817 = ORIENTED_EDGE('',*,*,#3609,.T.);
#3818 = ORIENTED_EDGE('',*,*,#3649,.T.);
#3819 = ORIENTED_EDGE('',*,*,#3680,.T.);
#3820 = ORIENTED_EDGE('',*,*,#3711,.F.);
#3821 = ORIENTED_EDGE('',*,*,#3742,.F.);
#3822 = ORIENTED_EDGE('',*,*,#3773,.F.);
#3823 = ORIENTED_EDGE('',*,*,#3398,.F.);
#3824 = PLANE('',#3825);
#3825 = AXIS2_PLACEMENT_3D('',#3826,#3827,#3828);
#3826 = CARTESIAN_POINT('',(-2.875,1.75,-35.5));
#3827 = DIRECTION('',(0.,0.,-1.));
#3828 = DIRECTION('',(-1.,0.,0.));
#3829 = ADVANCED_FACE('',(#3830),#3840,.T.);
#3830 = FACE_BOUND('',#3831,.T.);
#3831 = EDGE_LOOP('',(#3832,#3833,#3834,#3835,#3836,#3837,#3838,#3839));
#3832 = ORIENTED_EDGE('',*,*,#3802,.T.);
#3833 = ORIENTED_EDGE('',*,*,#3414,.T.);
#3834 = ORIENTED_EDGE('',*,*,#3780,.T.);
#3835 = ORIENTED_EDGE('',*,*,#3751,.T.);
#3836 = ORIENTED_EDGE('',*,*,#3720,.T.);
#3837 = ORIENTED_EDGE('',*,*,#3689,.T.);
#3838 = ORIENTED_EDGE('',*,*,#3658,.T.);
#3839 = ORIENTED_EDGE('',*,*,#3627,.T.);
#3840 = PLANE('',#3841);
#3841 = AXIS2_PLACEMENT_3D('',#3842,#3843,#3844);
#3842 = CARTESIAN_POINT('',(-2.875,1.75,-35.));
#3843 = DIRECTION('',(0.,0.,1.));
#3844 = DIRECTION('',(1.,0.,-0.));
#3845 = ADVANCED_FACE('',(#3846),#3871,.T.);
#3846 = FACE_BOUND('',#3847,.T.);
#3847 = EDGE_LOOP('',(#3848,#3849,#3857,#3865));
#3848 = ORIENTED_EDGE('',*,*,#2981,.T.);
#3849 = ORIENTED_EDGE('',*,*,#3850,.T.);
#3850 = EDGE_CURVE('',#2974,#3851,#3853,.T.);
#3851 = VERTEX_POINT('',#3852);
#3852 = CARTESIAN_POINT('',(-2.222876179246,2.,-36.5));
#3853 = LINE('',#3854,#3855);
#3854 = CARTESIAN_POINT('',(-2.222876179246,2.,-37.));
#3855 = VECTOR('',#3856,1.);
#3856 = DIRECTION('',(0.,0.,1.));
#3857 = ORIENTED_EDGE('',*,*,#3858,.F.);
#3858 = EDGE_CURVE('',#3859,#3851,#3861,.T.);
#3859 = VERTEX_POINT('',#3860);
#3860 = CARTESIAN_POINT('',(-2.629921852868,1.348726922206,-36.5));
#3861 = LINE('',#3862,#3863);
#3862 = CARTESIAN_POINT('',(-2.222876179246,2.,-36.5));
#3863 = VECTOR('',#3864,1.);
#3864 = DIRECTION('',(0.529998940003,0.847998304005,0.));
#3865 = ORIENTED_EDGE('',*,*,#3866,.F.);
#3866 = EDGE_CURVE('',#2982,#3859,#3867,.T.);
#3867 = LINE('',#3868,#3869);
#3868 = CARTESIAN_POINT('',(-2.629921852868,1.348726922206,-37.));
#3869 = VECTOR('',#3870,1.);
#3870 = DIRECTION('',(0.,0.,1.));
#3871 = PLANE('',#3872);
#3872 = AXIS2_PLACEMENT_3D('',#3873,#3874,#3875);
#3873 = CARTESIAN_POINT('',(-2.629921852868,1.348726922206,-37.));
#3874 = DIRECTION('',(0.847998304005,-0.529998940003,0.));
#3875 = DIRECTION('',(0.529998940003,0.847998304005,0.));
#3876 = ADVANCED_FACE('',(#3877),#3895,.T.);
#3877 = FACE_BOUND('',#3878,.T.);
#3878 = EDGE_LOOP('',(#3879,#3880,#3881,#3889));
#3879 = ORIENTED_EDGE('',*,*,#2989,.T.);
#3880 = ORIENTED_EDGE('',*,*,#3866,.T.);
#3881 = ORIENTED_EDGE('',*,*,#3882,.F.);
#3882 = EDGE_CURVE('',#3883,#3859,#3885,.T.);
#3883 = VERTEX_POINT('',#3884);
#3884 = CARTESIAN_POINT('',(-3.128103170305,1.,-36.5));
#3885 = LINE('',#3886,#3887);
#3886 = CARTESIAN_POINT('',(-2.629921852868,1.348726922206,-36.5));
#3887 = VECTOR('',#3888,1.);
#3888 = DIRECTION('',(0.819231920519,0.573462344363,0.));
#3889 = ORIENTED_EDGE('',*,*,#3890,.F.);
#3890 = EDGE_CURVE('',#2990,#3883,#3891,.T.);
#3891 = LINE('',#3892,#3893);
#3892 = CARTESIAN_POINT('',(-3.128103170305,1.,-37.));
#3893 = VECTOR('',#3894,1.);
#3894 = DIRECTION('',(0.,0.,1.));
#3895 = PLANE('',#3896);
#3896 = AXIS2_PLACEMENT_3D('',#3897,#3898,#3899);
#3897 = CARTESIAN_POINT('',(-3.128103170305,1.,-37.));
#3898 = DIRECTION('',(0.573462344363,-0.819231920519,0.));
#3899 = DIRECTION('',(0.819231920519,0.573462344363,0.));
#3900 = ADVANCED_FACE('',(#3901),#3912,.T.);
#3901 = FACE_BOUND('',#3902,.T.);
#3902 = EDGE_LOOP('',(#3903,#3904,#3905,#3911));
#3903 = ORIENTED_EDGE('',*,*,#2997,.T.);
#3904 = ORIENTED_EDGE('',*,*,#3890,.T.);
#3905 = ORIENTED_EDGE('',*,*,#3906,.F.);
#3906 = EDGE_CURVE('',#3195,#3883,#3907,.T.);
#3907 = LINE('',#3908,#3909);
#3908 = CARTESIAN_POINT('',(4.,1.,-36.5));
#3909 = VECTOR('',#3910,1.);
#3910 = DIRECTION('',(1.,1.179611963664E-15,0.));
#3911 = ORIENTED_EDGE('',*,*,#3194,.F.);
#3912 = PLANE('',#3913);
#3913 = AXIS2_PLACEMENT_3D('',#3914,#3915,#3916);
#3914 = CARTESIAN_POINT('',(-4.,1.,-37.));
#3915 = DIRECTION('',(1.179611963664E-15,-1.,0.));
#3916 = DIRECTION('',(1.,1.179611963664E-15,0.));
#3917 = ADVANCED_FACE('',(#3918),#3929,.T.);
#3918 = FACE_BOUND('',#3919,.T.);
#3919 = EDGE_LOOP('',(#3920,#3921,#3922,#3928));
#3920 = ORIENTED_EDGE('',*,*,#2973,.T.);
#3921 = ORIENTED_EDGE('',*,*,#3513,.T.);
#3922 = ORIENTED_EDGE('',*,*,#3923,.F.);
#3923 = EDGE_CURVE('',#3851,#3383,#3924,.T.);
#3924 = LINE('',#3925,#3926);
#3925 = CARTESIAN_POINT('',(-1.75,2.,-36.5));
#3926 = VECTOR('',#3927,1.);
#3927 = DIRECTION('',(1.,2.347809158825E-15,0.));
#3928 = ORIENTED_EDGE('',*,*,#3850,.F.);
#3929 = PLANE('',#3930);
#3930 = AXIS2_PLACEMENT_3D('',#3931,#3932,#3933);
#3931 = CARTESIAN_POINT('',(-2.222876179246,2.,-37.));
#3932 = DIRECTION('',(2.347809158825E-15,-1.,0.));
#3933 = DIRECTION('',(1.,2.347809158825E-15,0.));
#3934 = ADVANCED_FACE('',(#3935),#3945,.T.);
#3935 = FACE_BOUND('',#3936,.T.);
#3936 = EDGE_LOOP('',(#3937,#3938,#3939,#3940,#3941,#3942,#3943,#3944));
#3937 = ORIENTED_EDGE('',*,*,#3923,.T.);
#3938 = ORIENTED_EDGE('',*,*,#3382,.T.);
#3939 = ORIENTED_EDGE('',*,*,#3147,.T.);
#3940 = ORIENTED_EDGE('',*,*,#3178,.T.);
#3941 = ORIENTED_EDGE('',*,*,#3202,.T.);
#3942 = ORIENTED_EDGE('',*,*,#3906,.T.);
#3943 = ORIENTED_EDGE('',*,*,#3882,.T.);
#3944 = ORIENTED_EDGE('',*,*,#3858,.T.);
#3945 = PLANE('',#3946);
#3946 = AXIS2_PLACEMENT_3D('',#3947,#3948,#3949);
#3947 = CARTESIAN_POINT('',(-2.875,1.75,-36.5));
#3948 = DIRECTION('',(0.,0.,1.));
#3949 = DIRECTION('',(1.,0.,-0.));
#3950 = ADVANCED_FACE('',(#3951),#3985,.T.);
#3951 = FACE_BOUND('',#3952,.T.);
#3952 = EDGE_LOOP('',(#3953,#3963,#3971,#3979));
#3953 = ORIENTED_EDGE('',*,*,#3954,.F.);
#3954 = EDGE_CURVE('',#3955,#3957,#3959,.T.);
#3955 = VERTEX_POINT('',#3956);
#3956 = CARTESIAN_POINT('',(-2.222876179246,2.,-34.));
#3957 = VERTEX_POINT('',#3958);
#3958 = CARTESIAN_POINT('',(-2.629921852868,1.348726922206,-34.));
#3959 = LINE('',#3960,#3961);
#3960 = CARTESIAN_POINT('',(-2.222876179246,2.,-34.));
#3961 = VECTOR('',#3962,1.);
#3962 = DIRECTION('',(-0.529998940003,-0.847998304005,0.));
#3963 = ORIENTED_EDGE('',*,*,#3964,.T.);
#3964 = EDGE_CURVE('',#3955,#3965,#3967,.T.);
#3965 = VERTEX_POINT('',#3966);
#3966 = CARTESIAN_POINT('',(-2.222876179246,2.,-33.5));
#3967 = LINE('',#3968,#3969);
#3968 = CARTESIAN_POINT('',(-2.222876179246,2.,-34.));
#3969 = VECTOR('',#3970,1.);
#3970 = DIRECTION('',(0.,0.,1.));
#3971 = ORIENTED_EDGE('',*,*,#3972,.F.);
#3972 = EDGE_CURVE('',#3973,#3965,#3975,.T.);
#3973 = VERTEX_POINT('',#3974);
#3974 = CARTESIAN_POINT('',(-2.629921852868,1.348726922206,-33.5));
#3975 = LINE('',#3976,#3977);
#3976 = CARTESIAN_POINT('',(-2.222876179246,2.,-33.5));
#3977 = VECTOR('',#3978,1.);
#3978 = DIRECTION('',(0.529998940003,0.847998304005,0.));
#3979 = ORIENTED_EDGE('',*,*,#3980,.F.);
#3980 = EDGE_CURVE('',#3957,#3973,#3981,.T.);
#3981 = LINE('',#3982,#3983);
#3982 = CARTESIAN_POINT('',(-2.629921852868,1.348726922206,-34.));
#3983 = VECTOR('',#3984,1.);
#3984 = DIRECTION('',(0.,0.,1.));
#3985 = PLANE('',#3986);
#3986 = AXIS2_PLACEMENT_3D('',#3987,#3988,#3989);
#3987 = CARTESIAN_POINT('',(-2.629921852868,1.348726922206,-34.));
#3988 = DIRECTION('',(0.847998304005,-0.529998940003,0.));
#3989 = DIRECTION('',(0.529998940003,0.847998304005,0.));
#3990 = ADVANCED_FACE('',(#3991),#4016,.T.);
#3991 = FACE_BOUND('',#3992,.T.);
#3992 = EDGE_LOOP('',(#3993,#4001,#4002,#4010));
#3993 = ORIENTED_EDGE('',*,*,#3994,.F.);
#3994 = EDGE_CURVE('',#3957,#3995,#3997,.T.);
#3995 = VERTEX_POINT('',#3996);
#3996 = CARTESIAN_POINT('',(-3.128103170305,1.,-34.));
#3997 = LINE('',#3998,#3999);
#3998 = CARTESIAN_POINT('',(-2.629921852868,1.348726922206,-34.));
#3999 = VECTOR('',#4000,1.);
#4000 = DIRECTION('',(-0.819231920519,-0.573462344363,0.));
#4001 = ORIENTED_EDGE('',*,*,#3980,.T.);
#4002 = ORIENTED_EDGE('',*,*,#4003,.F.);
#4003 = EDGE_CURVE('',#4004,#3973,#4006,.T.);
#4004 = VERTEX_POINT('',#4005);
#4005 = CARTESIAN_POINT('',(-3.128103170305,1.,-33.5));
#4006 = LINE('',#4007,#4008);
#4007 = CARTESIAN_POINT('',(-2.629921852868,1.348726922206,-33.5));
#4008 = VECTOR('',#4009,1.);
#4009 = DIRECTION('',(0.819231920519,0.573462344363,0.));
#4010 = ORIENTED_EDGE('',*,*,#4011,.F.);
#4011 = EDGE_CURVE('',#3995,#4004,#4012,.T.);
#4012 = LINE('',#4013,#4014);
#4013 = CARTESIAN_POINT('',(-3.128103170305,1.,-34.));
#4014 = VECTOR('',#4015,1.);
#4015 = DIRECTION('',(0.,0.,1.));
#4016 = PLANE('',#4017);
#4017 = AXIS2_PLACEMENT_3D('',#4018,#4019,#4020);
#4018 = CARTESIAN_POINT('',(-3.128103170305,1.,-34.));
#4019 = DIRECTION('',(0.573462344363,-0.819231920519,0.));
#4020 = DIRECTION('',(0.819231920519,0.573462344363,0.));
#4021 = ADVANCED_FACE('',(#4022),#4047,.T.);
#4022 = FACE_BOUND('',#4023,.T.);
#4023 = EDGE_LOOP('',(#4024,#4032,#4033,#4041));
#4024 = ORIENTED_EDGE('',*,*,#4025,.F.);
#4025 = EDGE_CURVE('',#3995,#4026,#4028,.T.);
#4026 = VERTEX_POINT('',#4027);
#4027 = CARTESIAN_POINT('',(-4.,1.,-34.));
#4028 = LINE('',#4029,#4030);
#4029 = CARTESIAN_POINT('',(4.,1.,-34.));
#4030 = VECTOR('',#4031,1.);
#4031 = DIRECTION('',(-1.,-1.179611963664E-15,0.));
#4032 = ORIENTED_EDGE('',*,*,#4011,.T.);
#4033 = ORIENTED_EDGE('',*,*,#4034,.F.);
#4034 = EDGE_CURVE('',#4035,#4004,#4037,.T.);
#4035 = VERTEX_POINT('',#4036);
#4036 = CARTESIAN_POINT('',(-4.,1.,-33.5));
#4037 = LINE('',#4038,#4039);
#4038 = CARTESIAN_POINT('',(4.,1.,-33.5));
#4039 = VECTOR('',#4040,1.);
#4040 = DIRECTION('',(1.,1.179611963664E-15,0.));
#4041 = ORIENTED_EDGE('',*,*,#4042,.F.);
#4042 = EDGE_CURVE('',#4026,#4035,#4043,.T.);
#4043 = LINE('',#4044,#4045);
#4044 = CARTESIAN_POINT('',(-4.,1.,-34.));
#4045 = VECTOR('',#4046,1.);
#4046 = DIRECTION('',(0.,0.,1.));
#4047 = PLANE('',#4048);
#4048 = AXIS2_PLACEMENT_3D('',#4049,#4050,#4051);
#4049 = CARTESIAN_POINT('',(-4.,1.,-34.));
#4050 = DIRECTION('',(1.179611963664E-15,-1.,0.));
#4051 = DIRECTION('',(1.,1.179611963664E-15,0.));
#4052 = ADVANCED_FACE('',(#4053),#4078,.T.);
#4053 = FACE_BOUND('',#4054,.T.);
#4054 = EDGE_LOOP('',(#4055,#4063,#4064,#4072));
#4055 = ORIENTED_EDGE('',*,*,#4056,.T.);
#4056 = EDGE_CURVE('',#4057,#4026,#4059,.T.);
#4057 = VERTEX_POINT('',#4058);
#4058 = CARTESIAN_POINT('',(-3.,1.7,-34.));
#4059 = LINE('',#4060,#4061);
#4060 = CARTESIAN_POINT('',(-3.,1.7,-34.));
#4061 = VECTOR('',#4062,1.);
#4062 = DIRECTION('',(-0.819231920519,-0.573462344363,0.));
#4063 = ORIENTED_EDGE('',*,*,#4042,.T.);
#4064 = ORIENTED_EDGE('',*,*,#4065,.F.);
#4065 = EDGE_CURVE('',#4066,#4035,#4068,.T.);
#4066 = VERTEX_POINT('',#4067);
#4067 = CARTESIAN_POINT('',(-3.,1.7,-33.5));
#4068 = LINE('',#4069,#4070);
#4069 = CARTESIAN_POINT('',(-3.,1.7,-33.5));
#4070 = VECTOR('',#4071,1.);
#4071 = DIRECTION('',(-0.819231920519,-0.573462344363,0.));
#4072 = ORIENTED_EDGE('',*,*,#4073,.F.);
#4073 = EDGE_CURVE('',#4057,#4066,#4074,.T.);
#4074 = LINE('',#4075,#4076);
#4075 = CARTESIAN_POINT('',(-3.,1.7,-34.));
#4076 = VECTOR('',#4077,1.);
#4077 = DIRECTION('',(0.,0.,1.));
#4078 = PLANE('',#4079);
#4079 = AXIS2_PLACEMENT_3D('',#4080,#4081,#4082);
#4080 = CARTESIAN_POINT('',(-3.,1.7,-34.));
#4081 = DIRECTION('',(-0.573462344363,0.819231920519,0.));
#4082 = DIRECTION('',(-0.819231920519,-0.573462344363,0.));
#4083 = ADVANCED_FACE('',(#4084),#4109,.T.);
#4084 = FACE_BOUND('',#4085,.T.);
#4085 = EDGE_LOOP('',(#4086,#4094,#4095,#4103));
#4086 = ORIENTED_EDGE('',*,*,#4087,.T.);
#4087 = EDGE_CURVE('',#4088,#4057,#4090,.T.);
#4088 = VERTEX_POINT('',#4089);
#4089 = CARTESIAN_POINT('',(-2.5,2.5,-34.));
#4090 = LINE('',#4091,#4092);
#4091 = CARTESIAN_POINT('',(-2.5,2.5,-34.));
#4092 = VECTOR('',#4093,1.);
#4093 = DIRECTION('',(-0.529998940003,-0.847998304005,0.));
#4094 = ORIENTED_EDGE('',*,*,#4073,.T.);
#4095 = ORIENTED_EDGE('',*,*,#4096,.F.);
#4096 = EDGE_CURVE('',#4097,#4066,#4099,.T.);
#4097 = VERTEX_POINT('',#4098);
#4098 = CARTESIAN_POINT('',(-2.5,2.5,-33.5));
#4099 = LINE('',#4100,#4101);
#4100 = CARTESIAN_POINT('',(-2.5,2.5,-33.5));
#4101 = VECTOR('',#4102,1.);
#4102 = DIRECTION('',(-0.529998940003,-0.847998304005,0.));
#4103 = ORIENTED_EDGE('',*,*,#4104,.F.);
#4104 = EDGE_CURVE('',#4088,#4097,#4105,.T.);
#4105 = LINE('',#4106,#4107);
#4106 = CARTESIAN_POINT('',(-2.5,2.5,-34.));
#4107 = VECTOR('',#4108,1.);
#4108 = DIRECTION('',(0.,0.,1.));
#4109 = PLANE('',#4110);
#4110 = AXIS2_PLACEMENT_3D('',#4111,#4112,#4113);
#4111 = CARTESIAN_POINT('',(-2.5,2.5,-34.));
#4112 = DIRECTION('',(-0.847998304005,0.529998940003,0.));
#4113 = DIRECTION('',(-0.529998940003,-0.847998304005,0.));
#4114 = ADVANCED_FACE('',(#4115),#4131,.T.);
#4115 = FACE_BOUND('',#4116,.T.);
#4116 = EDGE_LOOP('',(#4117,#4123,#4124,#4130));
#4117 = ORIENTED_EDGE('',*,*,#4118,.T.);
#4118 = EDGE_CURVE('',#3431,#4088,#4119,.T.);
#4119 = LINE('',#4120,#4121);
#4120 = CARTESIAN_POINT('',(-1.75,2.5,-34.));
#4121 = VECTOR('',#4122,1.);
#4122 = DIRECTION('',(-1.,-1.480297366167E-15,0.));
#4123 = ORIENTED_EDGE('',*,*,#4104,.T.);
#4124 = ORIENTED_EDGE('',*,*,#4125,.F.);
#4125 = EDGE_CURVE('',#3439,#4097,#4126,.T.);
#4126 = LINE('',#4127,#4128);
#4127 = CARTESIAN_POINT('',(-1.75,2.5,-33.5));
#4128 = VECTOR('',#4129,1.);
#4129 = DIRECTION('',(-1.,-1.480297366167E-15,0.));
#4130 = ORIENTED_EDGE('',*,*,#3438,.F.);
#4131 = PLANE('',#4132);
#4132 = AXIS2_PLACEMENT_3D('',#4133,#4134,#4135);
#4133 = CARTESIAN_POINT('',(-1.75,2.5,-34.));
#4134 = DIRECTION('',(-1.480297366167E-15,1.,0.));
#4135 = DIRECTION('',(-1.,-1.480297366167E-15,0.));
#4136 = ADVANCED_FACE('',(#4137),#4153,.T.);
#4137 = FACE_BOUND('',#4138,.T.);
#4138 = EDGE_LOOP('',(#4139,#4145,#4146,#4152));
#4139 = ORIENTED_EDGE('',*,*,#4140,.F.);
#4140 = EDGE_CURVE('',#3423,#3955,#4141,.T.);
#4141 = LINE('',#4142,#4143);
#4142 = CARTESIAN_POINT('',(-1.75,2.,-34.));
#4143 = VECTOR('',#4144,1.);
#4144 = DIRECTION('',(-1.,-2.347809158825E-15,0.));
#4145 = ORIENTED_EDGE('',*,*,#3499,.T.);
#4146 = ORIENTED_EDGE('',*,*,#4147,.F.);
#4147 = EDGE_CURVE('',#3965,#3447,#4148,.T.);
#4148 = LINE('',#4149,#4150);
#4149 = CARTESIAN_POINT('',(-1.75,2.,-33.5));
#4150 = VECTOR('',#4151,1.);
#4151 = DIRECTION('',(1.,2.347809158825E-15,0.));
#4152 = ORIENTED_EDGE('',*,*,#3964,.F.);
#4153 = PLANE('',#4154);
#4154 = AXIS2_PLACEMENT_3D('',#4155,#4156,#4157);
#4155 = CARTESIAN_POINT('',(-2.222876179246,2.,-34.));
#4156 = DIRECTION('',(2.347809158825E-15,-1.,0.));
#4157 = DIRECTION('',(1.,2.347809158825E-15,0.));
#4158 = ADVANCED_FACE('',(#4159),#4169,.T.);
#4159 = FACE_BOUND('',#4160,.T.);
#4160 = EDGE_LOOP('',(#4161,#4162,#4163,#4164,#4165,#4166,#4167,#4168));
#4161 = ORIENTED_EDGE('',*,*,#4140,.T.);
#4162 = ORIENTED_EDGE('',*,*,#3954,.T.);
#4163 = ORIENTED_EDGE('',*,*,#3994,.T.);
#4164 = ORIENTED_EDGE('',*,*,#4025,.T.);
#4165 = ORIENTED_EDGE('',*,*,#4056,.F.);
#4166 = ORIENTED_EDGE('',*,*,#4087,.F.);
#4167 = ORIENTED_EDGE('',*,*,#4118,.F.);
#4168 = ORIENTED_EDGE('',*,*,#3430,.F.);
#4169 = PLANE('',#4170);
#4170 = AXIS2_PLACEMENT_3D('',#4171,#4172,#4173);
#4171 = CARTESIAN_POINT('',(-2.875,1.75,-34.));
#4172 = DIRECTION('',(0.,0.,-1.));
#4173 = DIRECTION('',(-1.,0.,0.));
#4174 = ADVANCED_FACE('',(#4175),#4185,.T.);
#4175 = FACE_BOUND('',#4176,.T.);
#4176 = EDGE_LOOP('',(#4177,#4178,#4179,#4180,#4181,#4182,#4183,#4184));
#4177 = ORIENTED_EDGE('',*,*,#4147,.T.);
#4178 = ORIENTED_EDGE('',*,*,#3446,.T.);
#4179 = ORIENTED_EDGE('',*,*,#4125,.T.);
#4180 = ORIENTED_EDGE('',*,*,#4096,.T.);
#4181 = ORIENTED_EDGE('',*,*,#4065,.T.);
#4182 = ORIENTED_EDGE('',*,*,#4034,.T.);
#4183 = ORIENTED_EDGE('',*,*,#4003,.T.);
#4184 = ORIENTED_EDGE('',*,*,#3972,.T.);
#4185 = PLANE('',#4186);
#4186 = AXIS2_PLACEMENT_3D('',#4187,#4188,#4189);
#4187 = CARTESIAN_POINT('',(-2.875,1.75,-33.5));
#4188 = DIRECTION('',(0.,0.,1.));
#4189 = DIRECTION('',(1.,0.,-0.));
#4190 = ADVANCED_FACE('',(#4191),#4225,.T.);
#4191 = FACE_BOUND('',#4192,.T.);
#4192 = EDGE_LOOP('',(#4193,#4203,#4211,#4219));
#4193 = ORIENTED_EDGE('',*,*,#4194,.F.);
#4194 = EDGE_CURVE('',#4195,#4197,#4199,.T.);
#4195 = VERTEX_POINT('',#4196);
#4196 = CARTESIAN_POINT('',(2.5,2.5,-35.5));
#4197 = VERTEX_POINT('',#4198);
#4198 = CARTESIAN_POINT('',(3.,1.7,-35.5));
#4199 = LINE('',#4200,#4201);
#4200 = CARTESIAN_POINT('',(2.5,2.5,-35.5));
#4201 = VECTOR('',#4202,1.);
#4202 = DIRECTION('',(0.529998940003,-0.847998304005,0.));
#4203 = ORIENTED_EDGE('',*,*,#4204,.T.);
#4204 = EDGE_CURVE('',#4195,#4205,#4207,.T.);
#4205 = VERTEX_POINT('',#4206);
#4206 = CARTESIAN_POINT('',(2.5,2.5,-35.));
#4207 = LINE('',#4208,#4209);
#4208 = CARTESIAN_POINT('',(2.5,2.5,-35.5));
#4209 = VECTOR('',#4210,1.);
#4210 = DIRECTION('',(0.,0.,1.));
#4211 = ORIENTED_EDGE('',*,*,#4212,.F.);
#4212 = EDGE_CURVE('',#4213,#4205,#4215,.T.);
#4213 = VERTEX_POINT('',#4214);
#4214 = CARTESIAN_POINT('',(3.,1.7,-35.));
#4215 = LINE('',#4216,#4217);
#4216 = CARTESIAN_POINT('',(2.5,2.5,-35.));
#4217 = VECTOR('',#4218,1.);
#4218 = DIRECTION('',(-0.529998940003,0.847998304005,0.));
#4219 = ORIENTED_EDGE('',*,*,#4220,.F.);
#4220 = EDGE_CURVE('',#4197,#4213,#4221,.T.);
#4221 = LINE('',#4222,#4223);
#4222 = CARTESIAN_POINT('',(3.,1.7,-35.5));
#4223 = VECTOR('',#4224,1.);
#4224 = DIRECTION('',(0.,0.,1.));
#4225 = PLANE('',#4226);
#4226 = AXIS2_PLACEMENT_3D('',#4227,#4228,#4229);
#4227 = CARTESIAN_POINT('',(3.,1.7,-35.5));
#4228 = DIRECTION('',(0.847998304005,0.529998940003,0.));
#4229 = DIRECTION('',(-0.529998940003,0.847998304005,0.));
#4230 = ADVANCED_FACE('',(#4231),#4256,.T.);
#4231 = FACE_BOUND('',#4232,.T.);
#4232 = EDGE_LOOP('',(#4233,#4241,#4242,#4250));
#4233 = ORIENTED_EDGE('',*,*,#4234,.F.);
#4234 = EDGE_CURVE('',#4197,#4235,#4237,.T.);
#4235 = VERTEX_POINT('',#4236);
#4236 = CARTESIAN_POINT('',(4.,1.,-35.5));
#4237 = LINE('',#4238,#4239);
#4238 = CARTESIAN_POINT('',(3.,1.7,-35.5));
#4239 = VECTOR('',#4240,1.);
#4240 = DIRECTION('',(0.819231920519,-0.573462344363,0.));
#4241 = ORIENTED_EDGE('',*,*,#4220,.T.);
#4242 = ORIENTED_EDGE('',*,*,#4243,.F.);
#4243 = EDGE_CURVE('',#4244,#4213,#4246,.T.);
#4244 = VERTEX_POINT('',#4245);
#4245 = CARTESIAN_POINT('',(4.,1.,-35.));
#4246 = LINE('',#4247,#4248);
#4247 = CARTESIAN_POINT('',(3.,1.7,-35.));
#4248 = VECTOR('',#4249,1.);
#4249 = DIRECTION('',(-0.819231920519,0.573462344363,0.));
#4250 = ORIENTED_EDGE('',*,*,#4251,.F.);
#4251 = EDGE_CURVE('',#4235,#4244,#4252,.T.);
#4252 = LINE('',#4253,#4254);
#4253 = CARTESIAN_POINT('',(4.,1.,-35.5));
#4254 = VECTOR('',#4255,1.);
#4255 = DIRECTION('',(0.,0.,1.));
#4256 = PLANE('',#4257);
#4257 = AXIS2_PLACEMENT_3D('',#4258,#4259,#4260);
#4258 = CARTESIAN_POINT('',(4.,1.,-35.5));
#4259 = DIRECTION('',(0.573462344363,0.819231920519,0.));
#4260 = DIRECTION('',(-0.819231920519,0.573462344363,0.));
#4261 = ADVANCED_FACE('',(#4262),#4287,.T.);
#4262 = FACE_BOUND('',#4263,.T.);
#4263 = EDGE_LOOP('',(#4264,#4272,#4273,#4281));
#4264 = ORIENTED_EDGE('',*,*,#4265,.F.);
#4265 = EDGE_CURVE('',#4235,#4266,#4268,.T.);
#4266 = VERTEX_POINT('',#4267);
#4267 = CARTESIAN_POINT('',(3.128103170305,1.,-35.5));
#4268 = LINE('',#4269,#4270);
#4269 = CARTESIAN_POINT('',(4.,1.,-35.5));
#4270 = VECTOR('',#4271,1.);
#4271 = DIRECTION('',(-1.,-1.179611963664E-15,0.));
#4272 = ORIENTED_EDGE('',*,*,#4251,.T.);
#4273 = ORIENTED_EDGE('',*,*,#4274,.F.);
#4274 = EDGE_CURVE('',#4275,#4244,#4277,.T.);
#4275 = VERTEX_POINT('',#4276);
#4276 = CARTESIAN_POINT('',(3.128103170305,1.,-35.));
#4277 = LINE('',#4278,#4279);
#4278 = CARTESIAN_POINT('',(4.,1.,-35.));
#4279 = VECTOR('',#4280,1.);
#4280 = DIRECTION('',(1.,1.179611963664E-15,0.));
#4281 = ORIENTED_EDGE('',*,*,#4282,.F.);
#4282 = EDGE_CURVE('',#4266,#4275,#4283,.T.);
#4283 = LINE('',#4284,#4285);
#4284 = CARTESIAN_POINT('',(3.128103170305,1.,-35.5));
#4285 = VECTOR('',#4286,1.);
#4286 = DIRECTION('',(0.,0.,1.));
#4287 = PLANE('',#4288);
#4288 = AXIS2_PLACEMENT_3D('',#4289,#4290,#4291);
#4289 = CARTESIAN_POINT('',(3.128103170305,1.,-35.5));
#4290 = DIRECTION('',(1.179611963664E-15,-1.,0.));
#4291 = DIRECTION('',(1.,1.179611963664E-15,0.));
#4292 = ADVANCED_FACE('',(#4293),#4318,.T.);
#4293 = FACE_BOUND('',#4294,.T.);
#4294 = EDGE_LOOP('',(#4295,#4303,#4304,#4312));
#4295 = ORIENTED_EDGE('',*,*,#4296,.T.);
#4296 = EDGE_CURVE('',#4297,#4266,#4299,.T.);
#4297 = VERTEX_POINT('',#4298);
#4298 = CARTESIAN_POINT('',(2.629921852868,1.348726922206,-35.5));
#4299 = LINE('',#4300,#4301);
#4300 = CARTESIAN_POINT('',(2.629921852868,1.348726922206,-35.5));
#4301 = VECTOR('',#4302,1.);
#4302 = DIRECTION('',(0.819231920519,-0.573462344363,0.));
#4303 = ORIENTED_EDGE('',*,*,#4282,.T.);
#4304 = ORIENTED_EDGE('',*,*,#4305,.F.);
#4305 = EDGE_CURVE('',#4306,#4275,#4308,.T.);
#4306 = VERTEX_POINT('',#4307);
#4307 = CARTESIAN_POINT('',(2.629921852868,1.348726922206,-35.));
#4308 = LINE('',#4309,#4310);
#4309 = CARTESIAN_POINT('',(2.629921852868,1.348726922206,-35.));
#4310 = VECTOR('',#4311,1.);
#4311 = DIRECTION('',(0.819231920519,-0.573462344363,0.));
#4312 = ORIENTED_EDGE('',*,*,#4313,.F.);
#4313 = EDGE_CURVE('',#4297,#4306,#4314,.T.);
#4314 = LINE('',#4315,#4316);
#4315 = CARTESIAN_POINT('',(2.629921852868,1.348726922206,-35.5));
#4316 = VECTOR('',#4317,1.);
#4317 = DIRECTION('',(0.,0.,1.));
#4318 = PLANE('',#4319);
#4319 = AXIS2_PLACEMENT_3D('',#4320,#4321,#4322);
#4320 = CARTESIAN_POINT('',(2.629921852868,1.348726922206,-35.5));
#4321 = DIRECTION('',(-0.573462344363,-0.819231920519,0.));
#4322 = DIRECTION('',(0.819231920519,-0.573462344363,0.));
#4323 = ADVANCED_FACE('',(#4324),#4349,.T.);
#4324 = FACE_BOUND('',#4325,.T.);
#4325 = EDGE_LOOP('',(#4326,#4334,#4335,#4343));
#4326 = ORIENTED_EDGE('',*,*,#4327,.T.);
#4327 = EDGE_CURVE('',#4328,#4297,#4330,.T.);
#4328 = VERTEX_POINT('',#4329);
#4329 = CARTESIAN_POINT('',(2.222876179246,2.,-35.5));
#4330 = LINE('',#4331,#4332);
#4331 = CARTESIAN_POINT('',(2.222876179246,2.,-35.5));
#4332 = VECTOR('',#4333,1.);
#4333 = DIRECTION('',(0.529998940003,-0.847998304005,0.));
#4334 = ORIENTED_EDGE('',*,*,#4313,.T.);
#4335 = ORIENTED_EDGE('',*,*,#4336,.F.);
#4336 = EDGE_CURVE('',#4337,#4306,#4339,.T.);
#4337 = VERTEX_POINT('',#4338);
#4338 = CARTESIAN_POINT('',(2.222876179246,2.,-35.));
#4339 = LINE('',#4340,#4341);
#4340 = CARTESIAN_POINT('',(2.222876179246,2.,-35.));
#4341 = VECTOR('',#4342,1.);
#4342 = DIRECTION('',(0.529998940003,-0.847998304005,0.));
#4343 = ORIENTED_EDGE('',*,*,#4344,.F.);
#4344 = EDGE_CURVE('',#4328,#4337,#4345,.T.);
#4345 = LINE('',#4346,#4347);
#4346 = CARTESIAN_POINT('',(2.222876179246,2.,-35.5));
#4347 = VECTOR('',#4348,1.);
#4348 = DIRECTION('',(0.,0.,1.));
#4349 = PLANE('',#4350);
#4350 = AXIS2_PLACEMENT_3D('',#4351,#4352,#4353);
#4351 = CARTESIAN_POINT('',(2.222876179246,2.,-35.5));
#4352 = DIRECTION('',(-0.847998304005,-0.529998940003,0.));
#4353 = DIRECTION('',(0.529998940003,-0.847998304005,0.));
#4354 = ADVANCED_FACE('',(#4355),#4371,.T.);
#4355 = FACE_BOUND('',#4356,.T.);
#4356 = EDGE_LOOP('',(#4357,#4363,#4364,#4370));
#4357 = ORIENTED_EDGE('',*,*,#4358,.T.);
#4358 = EDGE_CURVE('',#3328,#4328,#4359,.T.);
#4359 = LINE('',#4360,#4361);
#4360 = CARTESIAN_POINT('',(1.75,2.,-35.5));
#4361 = VECTOR('',#4362,1.);
#4362 = DIRECTION('',(1.,0.,0.));
#4363 = ORIENTED_EDGE('',*,*,#4344,.T.);
#4364 = ORIENTED_EDGE('',*,*,#4365,.F.);
#4365 = EDGE_CURVE('',#3304,#4337,#4366,.T.);
#4366 = LINE('',#4367,#4368);
#4367 = CARTESIAN_POINT('',(1.75,2.,-35.));
#4368 = VECTOR('',#4369,1.);
#4369 = DIRECTION('',(1.,0.,0.));
#4370 = ORIENTED_EDGE('',*,*,#3544,.F.);
#4371 = PLANE('',#4372);
#4372 = AXIS2_PLACEMENT_3D('',#4373,#4374,#4375);
#4373 = CARTESIAN_POINT('',(2.,2.,-35.5));
#4374 = DIRECTION('',(0.,-1.,0.));
#4375 = DIRECTION('',(1.,0.,0.));
#4376 = ADVANCED_FACE('',(#4377),#4393,.T.);
#4377 = FACE_BOUND('',#4378,.T.);
#4378 = EDGE_LOOP('',(#4379,#4385,#4386,#4392));
#4379 = ORIENTED_EDGE('',*,*,#4380,.F.);
#4380 = EDGE_CURVE('',#3320,#4195,#4381,.T.);
#4381 = LINE('',#4382,#4383);
#4382 = CARTESIAN_POINT('',(1.75,2.5,-35.5));
#4383 = VECTOR('',#4384,1.);
#4384 = DIRECTION('',(1.,0.,0.));
#4385 = ORIENTED_EDGE('',*,*,#3319,.T.);
#4386 = ORIENTED_EDGE('',*,*,#4387,.F.);
#4387 = EDGE_CURVE('',#4205,#3312,#4388,.T.);
#4388 = LINE('',#4389,#4390);
#4389 = CARTESIAN_POINT('',(1.75,2.5,-35.));
#4390 = VECTOR('',#4391,1.);
#4391 = DIRECTION('',(-1.,0.,0.));
#4392 = ORIENTED_EDGE('',*,*,#4204,.F.);
#4393 = PLANE('',#4394);
#4394 = AXIS2_PLACEMENT_3D('',#4395,#4396,#4397);
#4395 = CARTESIAN_POINT('',(2.5,2.5,-35.5));
#4396 = DIRECTION('',(0.,1.,0.));
#4397 = DIRECTION('',(-1.,0.,0.));
#4398 = ADVANCED_FACE('',(#4399),#4409,.T.);
#4399 = FACE_BOUND('',#4400,.T.);
#4400 = EDGE_LOOP('',(#4401,#4402,#4403,#4404,#4405,#4406,#4407,#4408));
#4401 = ORIENTED_EDGE('',*,*,#4380,.T.);
#4402 = ORIENTED_EDGE('',*,*,#4194,.T.);
#4403 = ORIENTED_EDGE('',*,*,#4234,.T.);
#4404 = ORIENTED_EDGE('',*,*,#4265,.T.);
#4405 = ORIENTED_EDGE('',*,*,#4296,.F.);
#4406 = ORIENTED_EDGE('',*,*,#4327,.F.);
#4407 = ORIENTED_EDGE('',*,*,#4358,.F.);
#4408 = ORIENTED_EDGE('',*,*,#3327,.F.);
#4409 = PLANE('',#4410);
#4410 = AXIS2_PLACEMENT_3D('',#4411,#4412,#4413);
#4411 = CARTESIAN_POINT('',(2.875,1.75,-35.5));
#4412 = DIRECTION('',(0.,0.,-1.));
#4413 = DIRECTION('',(-1.,0.,0.));
#4414 = ADVANCED_FACE('',(#4415),#4425,.T.);
#4415 = FACE_BOUND('',#4416,.T.);
#4416 = EDGE_LOOP('',(#4417,#4418,#4419,#4420,#4421,#4422,#4423,#4424));
#4417 = ORIENTED_EDGE('',*,*,#4387,.T.);
#4418 = ORIENTED_EDGE('',*,*,#3311,.T.);
#4419 = ORIENTED_EDGE('',*,*,#4365,.T.);
#4420 = ORIENTED_EDGE('',*,*,#4336,.T.);
#4421 = ORIENTED_EDGE('',*,*,#4305,.T.);
#4422 = ORIENTED_EDGE('',*,*,#4274,.T.);
#4423 = ORIENTED_EDGE('',*,*,#4243,.T.);
#4424 = ORIENTED_EDGE('',*,*,#4212,.T.);
#4425 = PLANE('',#4426);
#4426 = AXIS2_PLACEMENT_3D('',#4427,#4428,#4429);
#4427 = CARTESIAN_POINT('',(2.875,1.75,-35.));
#4428 = DIRECTION('',(0.,0.,1.));
#4429 = DIRECTION('',(1.,0.,-0.));
#4430 = ADVANCED_FACE('',(#4431),#4449,.T.);
#4431 = FACE_BOUND('',#4432,.T.);
#4432 = EDGE_LOOP('',(#4433,#4434,#4442,#4448));
#4433 = ORIENTED_EDGE('',*,*,#2560,.T.);
#4434 = ORIENTED_EDGE('',*,*,#4435,.F.);
#4435 = EDGE_CURVE('',#4436,#2553,#4438,.T.);
#4436 = VERTEX_POINT('',#4437);
#4437 = CARTESIAN_POINT('',(3.,1.7,-32.5));
#4438 = LINE('',#4439,#4440);
#4439 = CARTESIAN_POINT('',(3.,1.7,-32.5));
#4440 = VECTOR('',#4441,1.);
#4441 = DIRECTION('',(0.,0.,1.));
#4442 = ORIENTED_EDGE('',*,*,#4443,.F.);
#4443 = EDGE_CURVE('',#2679,#4436,#4444,.T.);
#4444 = LINE('',#4445,#4446);
#4445 = CARTESIAN_POINT('',(2.5,2.5,-32.5));
#4446 = VECTOR('',#4447,1.);
#4447 = DIRECTION('',(0.529998940003,-0.847998304005,0.));
#4448 = ORIENTED_EDGE('',*,*,#2678,.T.);
#4449 = PLANE('',#4450);
#4450 = AXIS2_PLACEMENT_3D('',#4451,#4452,#4453);
#4451 = CARTESIAN_POINT('',(3.,1.7,-32.5));
#4452 = DIRECTION('',(0.847998304005,0.529998940003,0.));
#4453 = DIRECTION('',(-0.529998940003,0.847998304005,0.));
#4454 = ADVANCED_FACE('',(#4455),#4473,.T.);
#4455 = FACE_BOUND('',#4456,.T.);
#4456 = EDGE_LOOP('',(#4457,#4458,#4466,#4472));
#4457 = ORIENTED_EDGE('',*,*,#2552,.T.);
#4458 = ORIENTED_EDGE('',*,*,#4459,.F.);
#4459 = EDGE_CURVE('',#4460,#2545,#4462,.T.);
#4460 = VERTEX_POINT('',#4461);
#4461 = CARTESIAN_POINT('',(4.,1.,-32.5));
#4462 = LINE('',#4463,#4464);
#4463 = CARTESIAN_POINT('',(4.,1.,-32.5));
#4464 = VECTOR('',#4465,1.);
#4465 = DIRECTION('',(0.,0.,1.));
#4466 = ORIENTED_EDGE('',*,*,#4467,.F.);
#4467 = EDGE_CURVE('',#4436,#4460,#4468,.T.);
#4468 = LINE('',#4469,#4470);
#4469 = CARTESIAN_POINT('',(3.,1.7,-32.5));
#4470 = VECTOR('',#4471,1.);
#4471 = DIRECTION('',(0.819231920519,-0.573462344363,0.));
#4472 = ORIENTED_EDGE('',*,*,#4435,.T.);
#4473 = PLANE('',#4474);
#4474 = AXIS2_PLACEMENT_3D('',#4475,#4476,#4477);
#4475 = CARTESIAN_POINT('',(4.,1.,-32.5));
#4476 = DIRECTION('',(0.573462344363,0.819231920519,0.));
#4477 = DIRECTION('',(-0.819231920519,0.573462344363,0.));
#4478 = ADVANCED_FACE('',(#4479),#4497,.T.);
#4479 = FACE_BOUND('',#4480,.T.);
#4480 = EDGE_LOOP('',(#4481,#4482,#4490,#4496));
#4481 = ORIENTED_EDGE('',*,*,#2544,.T.);
#4482 = ORIENTED_EDGE('',*,*,#4483,.F.);
#4483 = EDGE_CURVE('',#4484,#2537,#4486,.T.);
#4484 = VERTEX_POINT('',#4485);
#4485 = CARTESIAN_POINT('',(3.128103170305,1.,-32.5));
#4486 = LINE('',#4487,#4488);
#4487 = CARTESIAN_POINT('',(3.128103170305,1.,-32.5));
#4488 = VECTOR('',#4489,1.);
#4489 = DIRECTION('',(0.,0.,1.));
#4490 = ORIENTED_EDGE('',*,*,#4491,.F.);
#4491 = EDGE_CURVE('',#4460,#4484,#4492,.T.);
#4492 = LINE('',#4493,#4494);
#4493 = CARTESIAN_POINT('',(4.,1.,-32.5));
#4494 = VECTOR('',#4495,1.);
#4495 = DIRECTION('',(-1.,-1.179611963664E-15,0.));
#4496 = ORIENTED_EDGE('',*,*,#4459,.T.);
#4497 = PLANE('',#4498);
#4498 = AXIS2_PLACEMENT_3D('',#4499,#4500,#4501);
#4499 = CARTESIAN_POINT('',(3.128103170305,1.,-32.5));
#4500 = DIRECTION('',(1.179611963664E-15,-1.,0.));
#4501 = DIRECTION('',(1.,1.179611963664E-15,0.));
#4502 = ADVANCED_FACE('',(#4503),#4521,.T.);
#4503 = FACE_BOUND('',#4504,.T.);
#4504 = EDGE_LOOP('',(#4505,#4506,#4514,#4520));
#4505 = ORIENTED_EDGE('',*,*,#2536,.T.);
#4506 = ORIENTED_EDGE('',*,*,#4507,.F.);
#4507 = EDGE_CURVE('',#4508,#2529,#4510,.T.);
#4508 = VERTEX_POINT('',#4509);
#4509 = CARTESIAN_POINT('',(2.629921852868,1.348726922206,-32.5));
#4510 = LINE('',#4511,#4512);
#4511 = CARTESIAN_POINT('',(2.629921852868,1.348726922206,-32.5));
#4512 = VECTOR('',#4513,1.);
#4513 = DIRECTION('',(0.,0.,1.));
#4514 = ORIENTED_EDGE('',*,*,#4515,.T.);
#4515 = EDGE_CURVE('',#4508,#4484,#4516,.T.);
#4516 = LINE('',#4517,#4518);
#4517 = CARTESIAN_POINT('',(2.629921852868,1.348726922206,-32.5));
#4518 = VECTOR('',#4519,1.);
#4519 = DIRECTION('',(0.819231920519,-0.573462344363,0.));
#4520 = ORIENTED_EDGE('',*,*,#4483,.T.);
#4521 = PLANE('',#4522);
#4522 = AXIS2_PLACEMENT_3D('',#4523,#4524,#4525);
#4523 = CARTESIAN_POINT('',(2.629921852868,1.348726922206,-32.5));
#4524 = DIRECTION('',(-0.573462344363,-0.819231920519,0.));
#4525 = DIRECTION('',(0.819231920519,-0.573462344363,0.));
#4526 = ADVANCED_FACE('',(#4527),#4538,.T.);
#4527 = FACE_BOUND('',#4528,.T.);
#4528 = EDGE_LOOP('',(#4529,#4530,#4531,#4537));
#4529 = ORIENTED_EDGE('',*,*,#2528,.T.);
#4530 = ORIENTED_EDGE('',*,*,#2663,.F.);
#4531 = ORIENTED_EDGE('',*,*,#4532,.T.);
#4532 = EDGE_CURVE('',#2656,#4508,#4533,.T.);
#4533 = LINE('',#4534,#4535);
#4534 = CARTESIAN_POINT('',(2.222876179246,2.,-32.5));
#4535 = VECTOR('',#4536,1.);
#4536 = DIRECTION('',(0.529998940003,-0.847998304005,0.));
#4537 = ORIENTED_EDGE('',*,*,#4507,.T.);
#4538 = PLANE('',#4539);
#4539 = AXIS2_PLACEMENT_3D('',#4540,#4541,#4542);
#4540 = CARTESIAN_POINT('',(2.222876179246,2.,-32.5));
#4541 = DIRECTION('',(-0.847998304005,-0.529998940003,0.));
#4542 = DIRECTION('',(0.529998940003,-0.847998304005,0.));
#4543 = ADVANCED_FACE('',(#4544),#4554,.T.);
#4544 = FACE_BOUND('',#4545,.T.);
#4545 = EDGE_LOOP('',(#4546,#4547,#4548,#4549,#4550,#4551,#4552,#4553));
#4546 = ORIENTED_EDGE('',*,*,#2686,.T.);
#4547 = ORIENTED_EDGE('',*,*,#4443,.T.);
#4548 = ORIENTED_EDGE('',*,*,#4467,.T.);
#4549 = ORIENTED_EDGE('',*,*,#4491,.T.);
#4550 = ORIENTED_EDGE('',*,*,#4515,.F.);
#4551 = ORIENTED_EDGE('',*,*,#4532,.F.);
#4552 = ORIENTED_EDGE('',*,*,#2655,.F.);
#4553 = ORIENTED_EDGE('',*,*,#3265,.F.);
#4554 = PLANE('',#4555);
#4555 = AXIS2_PLACEMENT_3D('',#4556,#4557,#4558);
#4556 = CARTESIAN_POINT('',(2.875,1.75,-32.5));
#4557 = DIRECTION('',(0.,0.,-1.));
#4558 = DIRECTION('',(-1.,0.,0.));
#4559 = ADVANCED_FACE('',(#4560),#4594,.T.);
#4560 = FACE_BOUND('',#4561,.T.);
#4561 = EDGE_LOOP('',(#4562,#4572,#4580,#4588));
#4562 = ORIENTED_EDGE('',*,*,#4563,.F.);
#4563 = EDGE_CURVE('',#4564,#4566,#4568,.T.);
#4564 = VERTEX_POINT('',#4565);
#4565 = CARTESIAN_POINT('',(2.5,2.5,-34.));
#4566 = VERTEX_POINT('',#4567);
#4567 = CARTESIAN_POINT('',(3.,1.7,-34.));
#4568 = LINE('',#4569,#4570);
#4569 = CARTESIAN_POINT('',(2.5,2.5,-34.));
#4570 = VECTOR('',#4571,1.);
#4571 = DIRECTION('',(0.529998940003,-0.847998304005,0.));
#4572 = ORIENTED_EDGE('',*,*,#4573,.T.);
#4573 = EDGE_CURVE('',#4564,#4574,#4576,.T.);
#4574 = VERTEX_POINT('',#4575);
#4575 = CARTESIAN_POINT('',(2.5,2.5,-33.5));
#4576 = LINE('',#4577,#4578);
#4577 = CARTESIAN_POINT('',(2.5,2.5,-34.));
#4578 = VECTOR('',#4579,1.);
#4579 = DIRECTION('',(0.,0.,1.));
#4580 = ORIENTED_EDGE('',*,*,#4581,.F.);
#4581 = EDGE_CURVE('',#4582,#4574,#4584,.T.);
#4582 = VERTEX_POINT('',#4583);
#4583 = CARTESIAN_POINT('',(3.,1.7,-33.5));
#4584 = LINE('',#4585,#4586);
#4585 = CARTESIAN_POINT('',(2.5,2.5,-33.5));
#4586 = VECTOR('',#4587,1.);
#4587 = DIRECTION('',(-0.529998940003,0.847998304005,0.));
#4588 = ORIENTED_EDGE('',*,*,#4589,.F.);
#4589 = EDGE_CURVE('',#4566,#4582,#4590,.T.);
#4590 = LINE('',#4591,#4592);
#4591 = CARTESIAN_POINT('',(3.,1.7,-34.));
#4592 = VECTOR('',#4593,1.);
#4593 = DIRECTION('',(0.,0.,1.));
#4594 = PLANE('',#4595);
#4595 = AXIS2_PLACEMENT_3D('',#4596,#4597,#4598);
#4596 = CARTESIAN_POINT('',(3.,1.7,-34.));
#4597 = DIRECTION('',(0.847998304005,0.529998940003,0.));
#4598 = DIRECTION('',(-0.529998940003,0.847998304005,0.));
#4599 = ADVANCED_FACE('',(#4600),#4625,.T.);
#4600 = FACE_BOUND('',#4601,.T.);
#4601 = EDGE_LOOP('',(#4602,#4610,#4611,#4619));
#4602 = ORIENTED_EDGE('',*,*,#4603,.F.);
#4603 = EDGE_CURVE('',#4566,#4604,#4606,.T.);
#4604 = VERTEX_POINT('',#4605);
#4605 = CARTESIAN_POINT('',(4.,1.,-34.));
#4606 = LINE('',#4607,#4608);
#4607 = CARTESIAN_POINT('',(3.,1.7,-34.));
#4608 = VECTOR('',#4609,1.);
#4609 = DIRECTION('',(0.819231920519,-0.573462344363,0.));
#4610 = ORIENTED_EDGE('',*,*,#4589,.T.);
#4611 = ORIENTED_EDGE('',*,*,#4612,.F.);
#4612 = EDGE_CURVE('',#4613,#4582,#4615,.T.);
#4613 = VERTEX_POINT('',#4614);
#4614 = CARTESIAN_POINT('',(4.,1.,-33.5));
#4615 = LINE('',#4616,#4617);
#4616 = CARTESIAN_POINT('',(3.,1.7,-33.5));
#4617 = VECTOR('',#4618,1.);
#4618 = DIRECTION('',(-0.819231920519,0.573462344363,0.));
#4619 = ORIENTED_EDGE('',*,*,#4620,.F.);
#4620 = EDGE_CURVE('',#4604,#4613,#4621,.T.);
#4621 = LINE('',#4622,#4623);
#4622 = CARTESIAN_POINT('',(4.,1.,-34.));
#4623 = VECTOR('',#4624,1.);
#4624 = DIRECTION('',(0.,0.,1.));
#4625 = PLANE('',#4626);
#4626 = AXIS2_PLACEMENT_3D('',#4627,#4628,#4629);
#4627 = CARTESIAN_POINT('',(4.,1.,-34.));
#4628 = DIRECTION('',(0.573462344363,0.819231920519,0.));
#4629 = DIRECTION('',(-0.819231920519,0.573462344363,0.));
#4630 = ADVANCED_FACE('',(#4631),#4656,.T.);
#4631 = FACE_BOUND('',#4632,.T.);
#4632 = EDGE_LOOP('',(#4633,#4641,#4642,#4650));
#4633 = ORIENTED_EDGE('',*,*,#4634,.F.);
#4634 = EDGE_CURVE('',#4604,#4635,#4637,.T.);
#4635 = VERTEX_POINT('',#4636);
#4636 = CARTESIAN_POINT('',(3.128103170305,1.,-34.));
#4637 = LINE('',#4638,#4639);
#4638 = CARTESIAN_POINT('',(4.,1.,-34.));
#4639 = VECTOR('',#4640,1.);
#4640 = DIRECTION('',(-1.,-1.179611963664E-15,0.));
#4641 = ORIENTED_EDGE('',*,*,#4620,.T.);
#4642 = ORIENTED_EDGE('',*,*,#4643,.F.);
#4643 = EDGE_CURVE('',#4644,#4613,#4646,.T.);
#4644 = VERTEX_POINT('',#4645);
#4645 = CARTESIAN_POINT('',(3.128103170305,1.,-33.5));
#4646 = LINE('',#4647,#4648);
#4647 = CARTESIAN_POINT('',(4.,1.,-33.5));
#4648 = VECTOR('',#4649,1.);
#4649 = DIRECTION('',(1.,1.179611963664E-15,0.));
#4650 = ORIENTED_EDGE('',*,*,#4651,.F.);
#4651 = EDGE_CURVE('',#4635,#4644,#4652,.T.);
#4652 = LINE('',#4653,#4654);
#4653 = CARTESIAN_POINT('',(3.128103170305,1.,-34.));
#4654 = VECTOR('',#4655,1.);
#4655 = DIRECTION('',(0.,0.,1.));
#4656 = PLANE('',#4657);
#4657 = AXIS2_PLACEMENT_3D('',#4658,#4659,#4660);
#4658 = CARTESIAN_POINT('',(3.128103170305,1.,-34.));
#4659 = DIRECTION('',(1.179611963664E-15,-1.,0.));
#4660 = DIRECTION('',(1.,1.179611963664E-15,0.));
#4661 = ADVANCED_FACE('',(#4662),#4687,.T.);
#4662 = FACE_BOUND('',#4663,.T.);
#4663 = EDGE_LOOP('',(#4664,#4672,#4673,#4681));
#4664 = ORIENTED_EDGE('',*,*,#4665,.T.);
#4665 = EDGE_CURVE('',#4666,#4635,#4668,.T.);
#4666 = VERTEX_POINT('',#4667);
#4667 = CARTESIAN_POINT('',(2.629921852868,1.348726922206,-34.));
#4668 = LINE('',#4669,#4670);
#4669 = CARTESIAN_POINT('',(2.629921852868,1.348726922206,-34.));
#4670 = VECTOR('',#4671,1.);
#4671 = DIRECTION('',(0.819231920519,-0.573462344363,0.));
#4672 = ORIENTED_EDGE('',*,*,#4651,.T.);
#4673 = ORIENTED_EDGE('',*,*,#4674,.F.);
#4674 = EDGE_CURVE('',#4675,#4644,#4677,.T.);
#4675 = VERTEX_POINT('',#4676);
#4676 = CARTESIAN_POINT('',(2.629921852868,1.348726922206,-33.5));
#4677 = LINE('',#4678,#4679);
#4678 = CARTESIAN_POINT('',(2.629921852868,1.348726922206,-33.5));
#4679 = VECTOR('',#4680,1.);
#4680 = DIRECTION('',(0.819231920519,-0.573462344363,0.));
#4681 = ORIENTED_EDGE('',*,*,#4682,.F.);
#4682 = EDGE_CURVE('',#4666,#4675,#4683,.T.);
#4683 = LINE('',#4684,#4685);
#4684 = CARTESIAN_POINT('',(2.629921852868,1.348726922206,-34.));
#4685 = VECTOR('',#4686,1.);
#4686 = DIRECTION('',(0.,0.,1.));
#4687 = PLANE('',#4688);
#4688 = AXIS2_PLACEMENT_3D('',#4689,#4690,#4691);
#4689 = CARTESIAN_POINT('',(2.629921852868,1.348726922206,-34.));
#4690 = DIRECTION('',(-0.573462344363,-0.819231920519,0.));
#4691 = DIRECTION('',(0.819231920519,-0.573462344363,0.));
#4692 = ADVANCED_FACE('',(#4693),#4718,.T.);
#4693 = FACE_BOUND('',#4694,.T.);
#4694 = EDGE_LOOP('',(#4695,#4703,#4704,#4712));
#4695 = ORIENTED_EDGE('',*,*,#4696,.T.);
#4696 = EDGE_CURVE('',#4697,#4666,#4699,.T.);
#4697 = VERTEX_POINT('',#4698);
#4698 = CARTESIAN_POINT('',(2.222876179246,2.,-34.));
#4699 = LINE('',#4700,#4701);
#4700 = CARTESIAN_POINT('',(2.222876179246,2.,-34.));
#4701 = VECTOR('',#4702,1.);
#4702 = DIRECTION('',(0.529998940003,-0.847998304005,0.));
#4703 = ORIENTED_EDGE('',*,*,#4682,.T.);
#4704 = ORIENTED_EDGE('',*,*,#4705,.F.);
#4705 = EDGE_CURVE('',#4706,#4675,#4708,.T.);
#4706 = VERTEX_POINT('',#4707);
#4707 = CARTESIAN_POINT('',(2.222876179246,2.,-33.5));
#4708 = LINE('',#4709,#4710);
#4709 = CARTESIAN_POINT('',(2.222876179246,2.,-33.5));
#4710 = VECTOR('',#4711,1.);
#4711 = DIRECTION('',(0.529998940003,-0.847998304005,0.));
#4712 = ORIENTED_EDGE('',*,*,#4713,.F.);
#4713 = EDGE_CURVE('',#4697,#4706,#4714,.T.);
#4714 = LINE('',#4715,#4716);
#4715 = CARTESIAN_POINT('',(2.222876179246,2.,-34.));
#4716 = VECTOR('',#4717,1.);
#4717 = DIRECTION('',(0.,0.,1.));
#4718 = PLANE('',#4719);
#4719 = AXIS2_PLACEMENT_3D('',#4720,#4721,#4722);
#4720 = CARTESIAN_POINT('',(2.222876179246,2.,-34.));
#4721 = DIRECTION('',(-0.847998304005,-0.529998940003,0.));
#4722 = DIRECTION('',(0.529998940003,-0.847998304005,0.));
#4723 = ADVANCED_FACE('',(#4724),#4740,.T.);
#4724 = FACE_BOUND('',#4725,.T.);
#4725 = EDGE_LOOP('',(#4726,#4732,#4733,#4739));
#4726 = ORIENTED_EDGE('',*,*,#4727,.T.);
#4727 = EDGE_CURVE('',#3296,#4697,#4728,.T.);
#4728 = LINE('',#4729,#4730);
#4729 = CARTESIAN_POINT('',(1.75,2.,-34.));
#4730 = VECTOR('',#4731,1.);
#4731 = DIRECTION('',(1.,0.,0.));
#4732 = ORIENTED_EDGE('',*,*,#4713,.T.);
#4733 = ORIENTED_EDGE('',*,*,#4734,.F.);
#4734 = EDGE_CURVE('',#3272,#4706,#4735,.T.);
#4735 = LINE('',#4736,#4737);
#4736 = CARTESIAN_POINT('',(1.75,2.,-33.5));
#4737 = VECTOR('',#4738,1.);
#4738 = DIRECTION('',(1.,0.,0.));
#4739 = ORIENTED_EDGE('',*,*,#3551,.F.);
#4740 = PLANE('',#4741);
#4741 = AXIS2_PLACEMENT_3D('',#4742,#4743,#4744);
#4742 = CARTESIAN_POINT('',(2.,2.,-34.));
#4743 = DIRECTION('',(0.,-1.,0.));
#4744 = DIRECTION('',(1.,0.,0.));
#4745 = ADVANCED_FACE('',(#4746),#4762,.T.);
#4746 = FACE_BOUND('',#4747,.T.);
#4747 = EDGE_LOOP('',(#4748,#4754,#4755,#4761));
#4748 = ORIENTED_EDGE('',*,*,#4749,.F.);
#4749 = EDGE_CURVE('',#3288,#4564,#4750,.T.);
#4750 = LINE('',#4751,#4752);
#4751 = CARTESIAN_POINT('',(1.75,2.5,-34.));
#4752 = VECTOR('',#4753,1.);
#4753 = DIRECTION('',(1.,0.,0.));
#4754 = ORIENTED_EDGE('',*,*,#3287,.T.);
#4755 = ORIENTED_EDGE('',*,*,#4756,.F.);
#4756 = EDGE_CURVE('',#4574,#3280,#4757,.T.);
#4757 = LINE('',#4758,#4759);
#4758 = CARTESIAN_POINT('',(1.75,2.5,-33.5));
#4759 = VECTOR('',#4760,1.);
#4760 = DIRECTION('',(-1.,0.,0.));
#4761 = ORIENTED_EDGE('',*,*,#4573,.F.);
#4762 = PLANE('',#4763);
#4763 = AXIS2_PLACEMENT_3D('',#4764,#4765,#4766);
#4764 = CARTESIAN_POINT('',(2.5,2.5,-34.));
#4765 = DIRECTION('',(0.,1.,0.));
#4766 = DIRECTION('',(-1.,0.,0.));
#4767 = ADVANCED_FACE('',(#4768),#4778,.T.);
#4768 = FACE_BOUND('',#4769,.T.);
#4769 = EDGE_LOOP('',(#4770,#4771,#4772,#4773,#4774,#4775,#4776,#4777));
#4770 = ORIENTED_EDGE('',*,*,#4749,.T.);
#4771 = ORIENTED_EDGE('',*,*,#4563,.T.);
#4772 = ORIENTED_EDGE('',*,*,#4603,.T.);
#4773 = ORIENTED_EDGE('',*,*,#4634,.T.);
#4774 = ORIENTED_EDGE('',*,*,#4665,.F.);
#4775 = ORIENTED_EDGE('',*,*,#4696,.F.);
#4776 = ORIENTED_EDGE('',*,*,#4727,.F.);
#4777 = ORIENTED_EDGE('',*,*,#3295,.F.);
#4778 = PLANE('',#4779);
#4779 = AXIS2_PLACEMENT_3D('',#4780,#4781,#4782);
#4780 = CARTESIAN_POINT('',(2.875,1.75,-34.));
#4781 = DIRECTION('',(0.,0.,-1.));
#4782 = DIRECTION('',(-1.,0.,0.));
#4783 = ADVANCED_FACE('',(#4784),#4794,.T.);
#4784 = FACE_BOUND('',#4785,.T.);
#4785 = EDGE_LOOP('',(#4786,#4787,#4788,#4789,#4790,#4791,#4792,#4793));
#4786 = ORIENTED_EDGE('',*,*,#4756,.T.);
#4787 = ORIENTED_EDGE('',*,*,#3279,.T.);
#4788 = ORIENTED_EDGE('',*,*,#4734,.T.);
#4789 = ORIENTED_EDGE('',*,*,#4705,.T.);
#4790 = ORIENTED_EDGE('',*,*,#4674,.T.);
#4791 = ORIENTED_EDGE('',*,*,#4643,.T.);
#4792 = ORIENTED_EDGE('',*,*,#4612,.T.);
#4793 = ORIENTED_EDGE('',*,*,#4581,.T.);
#4794 = PLANE('',#4795);
#4795 = AXIS2_PLACEMENT_3D('',#4796,#4797,#4798);
#4796 = CARTESIAN_POINT('',(2.875,1.75,-33.5));
#4797 = DIRECTION('',(0.,0.,1.));
#4798 = DIRECTION('',(1.,0.,-0.));
#4799 = ADVANCED_FACE('',(#4800),#4825,.T.);
#4800 = FACE_BOUND('',#4801,.T.);
#4801 = EDGE_LOOP('',(#4802,#4803,#4811,#4819));
#4802 = ORIENTED_EDGE('',*,*,#2616,.T.);
#4803 = ORIENTED_EDGE('',*,*,#4804,.F.);
#4804 = EDGE_CURVE('',#4805,#2609,#4807,.T.);
#4805 = VERTEX_POINT('',#4806);
#4806 = CARTESIAN_POINT('',(-2.629921852868,1.348726922206,-32.5));
#4807 = LINE('',#4808,#4809);
#4808 = CARTESIAN_POINT('',(-2.629921852868,1.348726922206,-32.5));
#4809 = VECTOR('',#4810,1.);
#4810 = DIRECTION('',(0.,0.,1.));
#4811 = ORIENTED_EDGE('',*,*,#4812,.F.);
#4812 = EDGE_CURVE('',#4813,#4805,#4815,.T.);
#4813 = VERTEX_POINT('',#4814);
#4814 = CARTESIAN_POINT('',(-2.222876179246,2.,-32.5));
#4815 = LINE('',#4816,#4817);
#4816 = CARTESIAN_POINT('',(-2.222876179246,2.,-32.5));
#4817 = VECTOR('',#4818,1.);
#4818 = DIRECTION('',(-0.529998940003,-0.847998304005,0.));
#4819 = ORIENTED_EDGE('',*,*,#4820,.T.);
#4820 = EDGE_CURVE('',#4813,#2617,#4821,.T.);
#4821 = LINE('',#4822,#4823);
#4822 = CARTESIAN_POINT('',(-2.222876179246,2.,-32.5));
#4823 = VECTOR('',#4824,1.);
#4824 = DIRECTION('',(0.,0.,1.));
#4825 = PLANE('',#4826);
#4826 = AXIS2_PLACEMENT_3D('',#4827,#4828,#4829);
#4827 = CARTESIAN_POINT('',(-2.629921852868,1.348726922206,-32.5));
#4828 = DIRECTION('',(0.847998304005,-0.529998940003,0.));
#4829 = DIRECTION('',(0.529998940003,0.847998304005,0.));
#4830 = ADVANCED_FACE('',(#4831),#4842,.T.);
#4831 = FACE_BOUND('',#4832,.T.);
#4832 = EDGE_LOOP('',(#4833,#4834,#4835,#4841));
#4833 = ORIENTED_EDGE('',*,*,#2608,.T.);
#4834 = ORIENTED_EDGE('',*,*,#2725,.F.);
#4835 = ORIENTED_EDGE('',*,*,#4836,.F.);
#4836 = EDGE_CURVE('',#4805,#2718,#4837,.T.);
#4837 = LINE('',#4838,#4839);
#4838 = CARTESIAN_POINT('',(-2.629921852868,1.348726922206,-32.5));
#4839 = VECTOR('',#4840,1.);
#4840 = DIRECTION('',(-0.819231920519,-0.573462344363,0.));
#4841 = ORIENTED_EDGE('',*,*,#4804,.T.);
#4842 = PLANE('',#4843);
#4843 = AXIS2_PLACEMENT_3D('',#4844,#4845,#4846);
#4844 = CARTESIAN_POINT('',(-3.128103170305,1.,-32.5));
#4845 = DIRECTION('',(0.573462344363,-0.819231920519,0.));
#4846 = DIRECTION('',(0.819231920519,0.573462344363,0.));
#4847 = ADVANCED_FACE('',(#4848),#4859,.T.);
#4848 = FACE_BOUND('',#4849,.T.);
#4849 = EDGE_LOOP('',(#4850,#4851,#4852,#4858));
#4850 = ORIENTED_EDGE('',*,*,#2624,.T.);
#4851 = ORIENTED_EDGE('',*,*,#4820,.F.);
#4852 = ORIENTED_EDGE('',*,*,#4853,.F.);
#4853 = EDGE_CURVE('',#3455,#4813,#4854,.T.);
#4854 = LINE('',#4855,#4856);
#4855 = CARTESIAN_POINT('',(-1.75,2.,-32.5));
#4856 = VECTOR('',#4857,1.);
#4857 = DIRECTION('',(-1.,-2.347809158825E-15,0.));
#4858 = ORIENTED_EDGE('',*,*,#3492,.T.);
#4859 = PLANE('',#4860);
#4860 = AXIS2_PLACEMENT_3D('',#4861,#4862,#4863);
#4861 = CARTESIAN_POINT('',(-2.222876179246,2.,-32.5));
#4862 = DIRECTION('',(2.347809158825E-15,-1.,0.));
#4863 = DIRECTION('',(1.,2.347809158825E-15,0.));
#4864 = ADVANCED_FACE('',(#4865),#4875,.T.);
#4865 = FACE_BOUND('',#4866,.T.);
#4866 = EDGE_LOOP('',(#4867,#4868,#4869,#4870,#4871,#4872,#4873,#4874));
#4867 = ORIENTED_EDGE('',*,*,#4853,.T.);
#4868 = ORIENTED_EDGE('',*,*,#4812,.T.);
#4869 = ORIENTED_EDGE('',*,*,#4836,.T.);
#4870 = ORIENTED_EDGE('',*,*,#2717,.T.);
#4871 = ORIENTED_EDGE('',*,*,#2748,.F.);
#4872 = ORIENTED_EDGE('',*,*,#2772,.F.);
#4873 = ORIENTED_EDGE('',*,*,#2796,.F.);
#4874 = ORIENTED_EDGE('',*,*,#3462,.F.);
#4875 = PLANE('',#4876);
#4876 = AXIS2_PLACEMENT_3D('',#4877,#4878,#4879);
#4877 = CARTESIAN_POINT('',(-2.875,1.75,-32.5));
#4878 = DIRECTION('',(0.,0.,-1.));
#4879 = DIRECTION('',(-1.,0.,0.));
#4880 = ADVANCED_FACE('',(#4881),#4892,.T.);
#4881 = FACE_BOUND('',#4882,.T.);
#4882 = EDGE_LOOP('',(#4883,#4884,#4885,#4891));
#4883 = ORIENTED_EDGE('',*,*,#2909,.T.);
#4884 = ORIENTED_EDGE('',*,*,#3028,.T.);
#4885 = ORIENTED_EDGE('',*,*,#4886,.F.);
#4886 = EDGE_CURVE('',#3220,#3021,#4887,.T.);
#4887 = LINE('',#4888,#4889);
#4888 = CARTESIAN_POINT('',(1.75,2.,-36.5));
#4889 = VECTOR('',#4890,1.);
#4890 = DIRECTION('',(1.,0.,0.));
#4891 = ORIENTED_EDGE('',*,*,#3537,.F.);
#4892 = PLANE('',#4893);
#4893 = AXIS2_PLACEMENT_3D('',#4894,#4895,#4896);
#4894 = CARTESIAN_POINT('',(2.,2.,-37.));
#4895 = DIRECTION('',(0.,-1.,0.));
#4896 = DIRECTION('',(1.,0.,0.));
#4897 = ADVANCED_FACE('',(#4898),#4909,.T.);
#4898 = FACE_BOUND('',#4899,.T.);
#4899 = EDGE_LOOP('',(#4900,#4901,#4902,#4908));
#4900 = ORIENTED_EDGE('',*,*,#2925,.T.);
#4901 = ORIENTED_EDGE('',*,*,#3227,.T.);
#4902 = ORIENTED_EDGE('',*,*,#4903,.F.);
#4903 = EDGE_CURVE('',#3116,#3218,#4904,.T.);
#4904 = LINE('',#4905,#4906);
#4905 = CARTESIAN_POINT('',(1.75,2.5,-36.5));
#4906 = VECTOR('',#4907,1.);
#4907 = DIRECTION('',(-1.,0.,0.));
#4908 = ORIENTED_EDGE('',*,*,#3115,.F.);
#4909 = PLANE('',#4910);
#4910 = AXIS2_PLACEMENT_3D('',#4911,#4912,#4913);
#4911 = CARTESIAN_POINT('',(2.5,2.5,-37.));
#4912 = DIRECTION('',(0.,1.,0.));
#4913 = DIRECTION('',(-1.,0.,0.));
#4914 = ADVANCED_FACE('',(#4915),#4923,.T.);
#4915 = FACE_BOUND('',#4916,.T.);
#4916 = EDGE_LOOP('',(#4917,#4918,#4919,#4920,#4921,#4922));
#4917 = ORIENTED_EDGE('',*,*,#3242,.T.);
#4918 = ORIENTED_EDGE('',*,*,#3528,.T.);
#4919 = ORIENTED_EDGE('',*,*,#3576,.F.);
#4920 = ORIENTED_EDGE('',*,*,#3476,.T.);
#4921 = ORIENTED_EDGE('',*,*,#3366,.T.);
#4922 = ORIENTED_EDGE('',*,*,#3595,.F.);
#4923 = PLANE('',#4924);
#4924 = AXIS2_PLACEMENT_3D('',#4925,#4926,#4927);
#4925 = CARTESIAN_POINT('',(2.875,1.75,-37.));
#4926 = DIRECTION('',(0.,0.,-1.));
#4927 = DIRECTION('',(-1.,0.,0.));
#4928 = ADVANCED_FACE('',(#4929),#4939,.T.);
#4929 = FACE_BOUND('',#4930,.T.);
#4930 = EDGE_LOOP('',(#4931,#4932,#4933,#4934,#4935,#4936,#4937,#4938));
#4931 = ORIENTED_EDGE('',*,*,#4903,.T.);
#4932 = ORIENTED_EDGE('',*,*,#3217,.T.);
#4933 = ORIENTED_EDGE('',*,*,#4886,.T.);
#4934 = ORIENTED_EDGE('',*,*,#3020,.T.);
#4935 = ORIENTED_EDGE('',*,*,#3051,.T.);
#4936 = ORIENTED_EDGE('',*,*,#3075,.T.);
#4937 = ORIENTED_EDGE('',*,*,#3099,.T.);
#4938 = ORIENTED_EDGE('',*,*,#3123,.T.);
#4939 = PLANE('',#4940);
#4940 = AXIS2_PLACEMENT_3D('',#4941,#4942,#4943);
#4941 = CARTESIAN_POINT('',(2.875,1.75,-36.5));
#4942 = DIRECTION('',(0.,0.,1.));
#4943 = DIRECTION('',(1.,0.,-0.));
#4944 = ( GEOMETRIC_REPRESENTATION_CONTEXT(3) 
GLOBAL_UNCERTAINTY_ASSIGNED_CONTEXT((#4948)) 
GLOBAL_UNIT_ASSIGNED_CONTEXT((#4945,#4946,#4947)) REPRESENTATION_CONTEXT
('Context #1','3D Context with UNIT and UNCERTAINTY') );
#4945 = ( LENGTH_UNIT() NAMED_UNIT(*) SI_UNIT(.MILLI.,.METRE.) );
#4946 = ( NAMED_UNIT(*) PLANE_ANGLE_UNIT() SI_UNIT($,.RADIAN.) );
#4947 = ( NAMED_UNIT(*) SI_UNIT($,.STERADIAN.) SOLID_ANGLE_UNIT() );
#4948 = UNCERTAINTY_MEASURE_WITH_UNIT(LENGTH_MEASURE(1.E-07),#4945,
  'distance_accuracy_value','confusion accuracy');
#4949 = CONTEXT_DEPENDENT_SHAPE_REPRESENTATION(#4950,#4952);
#4950 = ( REPRESENTATION_RELATIONSHIP('','',#2495,#32) 
REPRESENTATION_RELATIONSHIP_WITH_TRANSFORMATION(#4951) 
SHAPE_REPRESENTATION_RELATIONSHIP() );
#4951 = ITEM_DEFINED_TRANSFORMATION('','',#11,#81);
#4952 = PRODUCT_DEFINITION_SHAPE('Placement','Placement of an item',
  #4953);
#4953 = NEXT_ASSEMBLY_USAGE_OCCURRENCE('13','COMPOUND012','',#27,#2490,$
  );
#4954 = PRODUCT_RELATED_PRODUCT_CATEGORY('part',$,(#2492));
#4955 = SHAPE_DEFINITION_REPRESENTATION(#4956,#4962);
#4956 = PRODUCT_DEFINITION_SHAPE('','',#4957);
#4957 = PRODUCT_DEFINITION('design','',#4958,#4961);
#4958 = PRODUCT_DEFINITION_FORMATION('','',#4959);
#4959 = PRODUCT('COMPOUND013','COMPOUND013','',(#4960));
#4960 = PRODUCT_CONTEXT('',#2,'mechanical');
#4961 = PRODUCT_DEFINITION_CONTEXT('part definition',#2,'design');
#4962 = ADVANCED_BREP_SHAPE_REPRESENTATION('',(#11,#4963),#5113);
#4963 = MANIFOLD_SOLID_BREP('',#4964);
#4964 = CLOSED_SHELL('',(#4965,#5005,#5036,#5067,#5089,#5101));
#4965 = ADVANCED_FACE('',(#4966),#5000,.T.);
#4966 = FACE_BOUND('',#4967,.T.);
#4967 = EDGE_LOOP('',(#4968,#4978,#4986,#4994));
#4968 = ORIENTED_EDGE('',*,*,#4969,.F.);
#4969 = EDGE_CURVE('',#4970,#4972,#4974,.T.);
#4970 = VERTEX_POINT('',#4971);
#4971 = CARTESIAN_POINT('',(-7.5,1.,-33.));
#4972 = VERTEX_POINT('',#4973);
#4973 = CARTESIAN_POINT('',(-7.5,1.,-36.));
#4974 = LINE('',#4975,#4976);
#4975 = CARTESIAN_POINT('',(-7.5,1.,-33.));
#4976 = VECTOR('',#4977,1.);
#4977 = DIRECTION('',(0.,0.,-1.));
#4978 = ORIENTED_EDGE('',*,*,#4979,.T.);
#4979 = EDGE_CURVE('',#4970,#4980,#4982,.T.);
#4980 = VERTEX_POINT('',#4981);
#4981 = CARTESIAN_POINT('',(-7.5,2.5,-33.));
#4982 = LINE('',#4983,#4984);
#4983 = CARTESIAN_POINT('',(-7.5,1.,-33.));
#4984 = VECTOR('',#4985,1.);
#4985 = DIRECTION('',(0.,1.,0.));
#4986 = ORIENTED_EDGE('',*,*,#4987,.F.);
#4987 = EDGE_CURVE('',#4988,#4980,#4990,.T.);
#4988 = VERTEX_POINT('',#4989);
#4989 = CARTESIAN_POINT('',(-7.5,2.5,-36.));
#4990 = LINE('',#4991,#4992);
#4991 = CARTESIAN_POINT('',(-7.5,2.5,-33.));
#4992 = VECTOR('',#4993,1.);
#4993 = DIRECTION('',(0.,0.,1.));
#4994 = ORIENTED_EDGE('',*,*,#4995,.F.);
#4995 = EDGE_CURVE('',#4972,#4988,#4996,.T.);
#4996 = LINE('',#4997,#4998);
#4997 = CARTESIAN_POINT('',(-7.5,1.,-36.));
#4998 = VECTOR('',#4999,1.);
#4999 = DIRECTION('',(0.,1.,0.));
#5000 = PLANE('',#5001);
#5001 = AXIS2_PLACEMENT_3D('',#5002,#5003,#5004);
#5002 = CARTESIAN_POINT('',(-7.5,1.,-36.));
#5003 = DIRECTION('',(-1.,0.,0.));
#5004 = DIRECTION('',(0.,0.,1.));
#5005 = ADVANCED_FACE('',(#5006),#5031,.T.);
#5006 = FACE_BOUND('',#5007,.T.);
#5007 = EDGE_LOOP('',(#5008,#5016,#5017,#5025));
#5008 = ORIENTED_EDGE('',*,*,#5009,.F.);
#5009 = EDGE_CURVE('',#4972,#5010,#5012,.T.);
#5010 = VERTEX_POINT('',#5011);
#5011 = CARTESIAN_POINT('',(-6.3,1.,-36.));
#5012 = LINE('',#5013,#5014);
#5013 = CARTESIAN_POINT('',(-7.5,1.,-36.));
#5014 = VECTOR('',#5015,1.);
#5015 = DIRECTION('',(1.,0.,0.));
#5016 = ORIENTED_EDGE('',*,*,#4995,.T.);
#5017 = ORIENTED_EDGE('',*,*,#5018,.F.);
#5018 = EDGE_CURVE('',#5019,#4988,#5021,.T.);
#5019 = VERTEX_POINT('',#5020);
#5020 = CARTESIAN_POINT('',(-6.3,2.5,-36.));
#5021 = LINE('',#5022,#5023);
#5022 = CARTESIAN_POINT('',(-7.5,2.5,-36.));
#5023 = VECTOR('',#5024,1.);
#5024 = DIRECTION('',(-1.,0.,0.));
#5025 = ORIENTED_EDGE('',*,*,#5026,.F.);
#5026 = EDGE_CURVE('',#5010,#5019,#5027,.T.);
#5027 = LINE('',#5028,#5029);
#5028 = CARTESIAN_POINT('',(-6.3,1.,-36.));
#5029 = VECTOR('',#5030,1.);
#5030 = DIRECTION('',(0.,1.,0.));
#5031 = PLANE('',#5032);
#5032 = AXIS2_PLACEMENT_3D('',#5033,#5034,#5035);
#5033 = CARTESIAN_POINT('',(-6.3,1.,-36.));
#5034 = DIRECTION('',(0.,0.,-1.));
#5035 = DIRECTION('',(-1.,0.,0.));
#5036 = ADVANCED_FACE('',(#5037),#5062,.T.);
#5037 = FACE_BOUND('',#5038,.T.);
#5038 = EDGE_LOOP('',(#5039,#5047,#5048,#5056));
#5039 = ORIENTED_EDGE('',*,*,#5040,.F.);
#5040 = EDGE_CURVE('',#5010,#5041,#5043,.T.);
#5041 = VERTEX_POINT('',#5042);
#5042 = CARTESIAN_POINT('',(-6.3,1.,-33.));
#5043 = LINE('',#5044,#5045);
#5044 = CARTESIAN_POINT('',(-6.3,1.,-36.));
#5045 = VECTOR('',#5046,1.);
#5046 = DIRECTION('',(0.,0.,1.));
#5047 = ORIENTED_EDGE('',*,*,#5026,.T.);
#5048 = ORIENTED_EDGE('',*,*,#5049,.F.);
#5049 = EDGE_CURVE('',#5050,#5019,#5052,.T.);
#5050 = VERTEX_POINT('',#5051);
#5051 = CARTESIAN_POINT('',(-6.3,2.5,-33.));
#5052 = LINE('',#5053,#5054);
#5053 = CARTESIAN_POINT('',(-6.3,2.5,-36.));
#5054 = VECTOR('',#5055,1.);
#5055 = DIRECTION('',(0.,0.,-1.));
#5056 = ORIENTED_EDGE('',*,*,#5057,.F.);
#5057 = EDGE_CURVE('',#5041,#5050,#5058,.T.);
#5058 = LINE('',#5059,#5060);
#5059 = CARTESIAN_POINT('',(-6.3,1.,-33.));
#5060 = VECTOR('',#5061,1.);
#5061 = DIRECTION('',(0.,1.,0.));
#5062 = PLANE('',#5063);
#5063 = AXIS2_PLACEMENT_3D('',#5064,#5065,#5066);
#5064 = CARTESIAN_POINT('',(-6.3,1.,-33.));
#5065 = DIRECTION('',(1.,0.,0.));
#5066 = DIRECTION('',(0.,0.,-1.));
#5067 = ADVANCED_FACE('',(#5068),#5084,.T.);
#5068 = FACE_BOUND('',#5069,.T.);
#5069 = EDGE_LOOP('',(#5070,#5076,#5077,#5083));
#5070 = ORIENTED_EDGE('',*,*,#5071,.F.);
#5071 = EDGE_CURVE('',#5041,#4970,#5072,.T.);
#5072 = LINE('',#5073,#5074);
#5073 = CARTESIAN_POINT('',(-6.3,1.,-33.));
#5074 = VECTOR('',#5075,1.);
#5075 = DIRECTION('',(-1.,0.,0.));
#5076 = ORIENTED_EDGE('',*,*,#5057,.T.);
#5077 = ORIENTED_EDGE('',*,*,#5078,.F.);
#5078 = EDGE_CURVE('',#4980,#5050,#5079,.T.);
#5079 = LINE('',#5080,#5081);
#5080 = CARTESIAN_POINT('',(-6.3,2.5,-33.));
#5081 = VECTOR('',#5082,1.);
#5082 = DIRECTION('',(1.,0.,0.));
#5083 = ORIENTED_EDGE('',*,*,#4979,.F.);
#5084 = PLANE('',#5085);
#5085 = AXIS2_PLACEMENT_3D('',#5086,#5087,#5088);
#5086 = CARTESIAN_POINT('',(-7.5,1.,-33.));
#5087 = DIRECTION('',(0.,0.,1.));
#5088 = DIRECTION('',(1.,0.,-0.));
#5089 = ADVANCED_FACE('',(#5090),#5096,.T.);
#5090 = FACE_BOUND('',#5091,.T.);
#5091 = EDGE_LOOP('',(#5092,#5093,#5094,#5095));
#5092 = ORIENTED_EDGE('',*,*,#5078,.T.);
#5093 = ORIENTED_EDGE('',*,*,#5049,.T.);
#5094 = ORIENTED_EDGE('',*,*,#5018,.T.);
#5095 = ORIENTED_EDGE('',*,*,#4987,.T.);
#5096 = PLANE('',#5097);
#5097 = AXIS2_PLACEMENT_3D('',#5098,#5099,#5100);
#5098 = CARTESIAN_POINT('',(-6.9,2.5,-34.5));
#5099 = DIRECTION('',(0.,1.,0.));
#5100 = DIRECTION('',(0.,-0.,1.));
#5101 = ADVANCED_FACE('',(#5102),#5108,.F.);
#5102 = FACE_BOUND('',#5103,.T.);
#5103 = EDGE_LOOP('',(#5104,#5105,#5106,#5107));
#5104 = ORIENTED_EDGE('',*,*,#5071,.T.);
#5105 = ORIENTED_EDGE('',*,*,#4969,.T.);
#5106 = ORIENTED_EDGE('',*,*,#5009,.T.);
#5107 = ORIENTED_EDGE('',*,*,#5040,.T.);
#5108 = PLANE('',#5109);
#5109 = AXIS2_PLACEMENT_3D('',#5110,#5111,#5112);
#5110 = CARTESIAN_POINT('',(-6.9,1.,-34.5));
#5111 = DIRECTION('',(0.,1.,0.));
#5112 = DIRECTION('',(-1.,0.,0.));
#5113 = ( GEOMETRIC_REPRESENTATION_CONTEXT(3) 
GLOBAL_UNCERTAINTY_ASSIGNED_CONTEXT((#5117)) 
GLOBAL_UNIT_ASSIGNED_CONTEXT((#5114,#5115,#5116)) REPRESENTATION_CONTEXT
('Context #1','3D Context with UNIT and UNCERTAINTY') );
#5114 = ( LENGTH_UNIT() NAMED_UNIT(*) SI_UNIT(.MILLI.,.METRE.) );
#5115 = ( NAMED_UNIT(*) PLANE_ANGLE_UNIT() SI_UNIT($,.RADIAN.) );
#5116 = ( NAMED_UNIT(*) SI_UNIT($,.STERADIAN.) SOLID_ANGLE_UNIT() );
#5117 = UNCERTAINTY_MEASURE_WITH_UNIT(LENGTH_MEASURE(1.E-07),#5114,
  'distance_accuracy_value','confusion accuracy');
#5118 = CONTEXT_DEPENDENT_SHAPE_REPRESENTATION(#5119,#5121);
#5119 = ( REPRESENTATION_RELATIONSHIP('','',#4962,#32) 
REPRESENTATION_RELATIONSHIP_WITH_TRANSFORMATION(#5120) 
SHAPE_REPRESENTATION_RELATIONSHIP() );
#5120 = ITEM_DEFINED_TRANSFORMATION('','',#11,#85);
#5121 = PRODUCT_DEFINITION_SHAPE('Placement','Placement of an item',
  #5122);
#5122 = NEXT_ASSEMBLY_USAGE_OCCURRENCE('14','COMPOUND013','',#27,#4957,$
  );
#5123 = PRODUCT_RELATED_PRODUCT_CATEGORY('part',$,(#4959));
#5124 = MECHANICAL_DESIGN_GEOMETRIC_PRESENTATION_REPRESENTATION('',(
    #5125),#1463);
#5125 = STYLED_ITEM('color',(#5126),#1313);
#5126 = PRESENTATION_STYLE_ASSIGNMENT((#5127,#5133));
#5127 = SURFACE_STYLE_USAGE(.BOTH.,#5128);
#5128 = SURFACE_SIDE_STYLE('',(#5129));
#5129 = SURFACE_STYLE_FILL_AREA(#5130);
#5130 = FILL_AREA_STYLE('',(#5131));
#5131 = FILL_AREA_STYLE_COLOUR('',#5132);
#5132 = COLOUR_RGB('',0.627451011593,0.627451011593,0.627451011593);
#5133 = CURVE_STYLE('',#5134,POSITIVE_LENGTH_MEASURE(0.1),#5135);
#5134 = DRAUGHTING_PRE_DEFINED_CURVE_FONT('continuous');
#5135 = COLOUR_RGB('',9.803921802644E-02,9.803921802644E-02,
  9.803921802644E-02);
#5136 = MECHANICAL_DESIGN_GEOMETRIC_PRESENTATION_REPRESENTATION('',(
    #5137,#5146,#5153,#5160,#5167,#5174,#5181,#5188),#4944);
#5137 = STYLED_ITEM('color',(#5138),#2496);
#5138 = PRESENTATION_STYLE_ASSIGNMENT((#5139,#5144));
#5139 = SURFACE_STYLE_USAGE(.BOTH.,#5140);
#5140 = SURFACE_SIDE_STYLE('',(#5141));
#5141 = SURFACE_STYLE_FILL_AREA(#5142);
#5142 = FILL_AREA_STYLE('',(#5143));
#5143 = FILL_AREA_STYLE_COLOUR('',#5132);
#5144 = CURVE_STYLE('',#5145,POSITIVE_LENGTH_MEASURE(0.1),#5135);
#5145 = DRAUGHTING_PRE_DEFINED_CURVE_FONT('continuous');
#5146 = OVER_RIDING_STYLED_ITEM('overriding color',(#5147),#2807,#5137);
#5147 = PRESENTATION_STYLE_ASSIGNMENT((#5148));
#5148 = SURFACE_STYLE_USAGE(.BOTH.,#5149);
#5149 = SURFACE_SIDE_STYLE('',(#5150));
#5150 = SURFACE_STYLE_FILL_AREA(#5151);
#5151 = FILL_AREA_STYLE('',(#5152));
#5152 = FILL_AREA_STYLE_COLOUR('',#5135);
#5153 = OVER_RIDING_STYLED_ITEM('overriding color',(#5154),#3213,#5137);
#5154 = PRESENTATION_STYLE_ASSIGNMENT((#5155));
#5155 = SURFACE_STYLE_USAGE(.BOTH.,#5156);
#5156 = SURFACE_SIDE_STYLE('',(#5157));
#5157 = SURFACE_STYLE_FILL_AREA(#5158);
#5158 = FILL_AREA_STYLE('',(#5159));
#5159 = FILL_AREA_STYLE_COLOUR('',#5135);
#5160 = OVER_RIDING_STYLED_ITEM('overriding color',(#5161),#3345,#5137);
#5161 = PRESENTATION_STYLE_ASSIGNMENT((#5162));
#5162 = SURFACE_STYLE_USAGE(.BOTH.,#5163);
#5163 = SURFACE_SIDE_STYLE('',(#5164));
#5164 = SURFACE_STYLE_FILL_AREA(#5165);
#5165 = FILL_AREA_STYLE('',(#5166));
#5166 = FILL_AREA_STYLE_COLOUR('',#5135);
#5167 = OVER_RIDING_STYLED_ITEM('overriding color',(#5168),#3472,#5137);
#5168 = PRESENTATION_STYLE_ASSIGNMENT((#5169));
#5169 = SURFACE_STYLE_USAGE(.BOTH.,#5170);
#5170 = SURFACE_SIDE_STYLE('',(#5171));
#5171 = SURFACE_STYLE_FILL_AREA(#5172);
#5172 = FILL_AREA_STYLE('',(#5173));
#5173 = FILL_AREA_STYLE_COLOUR('',#5135);
#5174 = OVER_RIDING_STYLED_ITEM('overriding color',(#5175),#3524,#5137);
#5175 = PRESENTATION_STYLE_ASSIGNMENT((#5176));
#5176 = SURFACE_STYLE_USAGE(.BOTH.,#5177);
#5177 = SURFACE_SIDE_STYLE('',(#5178));
#5178 = SURFACE_STYLE_FILL_AREA(#5179);
#5179 = FILL_AREA_STYLE('',(#5180));
#5180 = FILL_AREA_STYLE_COLOUR('',#5135);
#5181 = OVER_RIDING_STYLED_ITEM('overriding color',(#5182),#3588,#5137);
#5182 = PRESENTATION_STYLE_ASSIGNMENT((#5183));
#5183 = SURFACE_STYLE_USAGE(.BOTH.,#5184);
#5184 = SURFACE_SIDE_STYLE('',(#5185));
#5185 = SURFACE_STYLE_FILL_AREA(#5186);
#5186 = FILL_AREA_STYLE('',(#5187));
#5187 = FILL_AREA_STYLE_COLOUR('',#5135);
#5188 = OVER_RIDING_STYLED_ITEM('overriding color',(#5189),#4914,#5137);
#5189 = PRESENTATION_STYLE_ASSIGNMENT((#5190));
#5190 = SURFACE_STYLE_USAGE(.BOTH.,#5191);
#5191 = SURFACE_SIDE_STYLE('',(#5192));
#5192 = SURFACE_STYLE_FILL_AREA(#5193);
#5193 = FILL_AREA_STYLE('',(#5194));
#5194 = FILL_AREA_STYLE_COLOUR('',#5135);
#5195 = MECHANICAL_DESIGN_GEOMETRIC_PRESENTATION_REPRESENTATION('',(
    #5196),#5113);
#5196 = STYLED_ITEM('color',(#5197),#4963);
#5197 = PRESENTATION_STYLE_ASSIGNMENT((#5198,#5203));
#5198 = SURFACE_STYLE_USAGE(.BOTH.,#5199);
#5199 = SURFACE_SIDE_STYLE('',(#5200));
#5200 = SURFACE_STYLE_FILL_AREA(#5201);
#5201 = FILL_AREA_STYLE('',(#5202));
#5202 = FILL_AREA_STYLE_COLOUR('',#5135);
#5203 = CURVE_STYLE('',#5204,POSITIVE_LENGTH_MEASURE(0.1),#5135);
#5204 = DRAUGHTING_PRE_DEFINED_CURVE_FONT('continuous');
#5205 = MECHANICAL_DESIGN_GEOMETRIC_PRESENTATION_REPRESENTATION('',(
    #5206),#1294);
#5206 = STYLED_ITEM('color',(#5207),#1144);
#5207 = PRESENTATION_STYLE_ASSIGNMENT((#5208,#5213));
#5208 = SURFACE_STYLE_USAGE(.BOTH.,#5209);
#5209 = SURFACE_SIDE_STYLE('',(#5210));
#5210 = SURFACE_STYLE_FILL_AREA(#5211);
#5211 = FILL_AREA_STYLE('',(#5212));
#5212 = FILL_AREA_STYLE_COLOUR('',#5132);
#5213 = CURVE_STYLE('',#5214,POSITIVE_LENGTH_MEASURE(0.1),#5135);
#5214 = DRAUGHTING_PRE_DEFINED_CURVE_FONT('continuous');
#5215 = MECHANICAL_DESIGN_GEOMETRIC_PRESENTATION_REPRESENTATION('',(
    #5216),#1125);
#5216 = STYLED_ITEM('color',(#5217),#975);
#5217 = PRESENTATION_STYLE_ASSIGNMENT((#5218,#5223));
#5218 = SURFACE_STYLE_USAGE(.BOTH.,#5219);
#5219 = SURFACE_SIDE_STYLE('',(#5220));
#5220 = SURFACE_STYLE_FILL_AREA(#5221);
#5221 = FILL_AREA_STYLE('',(#5222));
#5222 = FILL_AREA_STYLE_COLOUR('',#5132);
#5223 = CURVE_STYLE('',#5224,POSITIVE_LENGTH_MEASURE(0.1),#5135);
#5224 = DRAUGHTING_PRE_DEFINED_CURVE_FONT('continuous');
#5225 = MECHANICAL_DESIGN_GEOMETRIC_PRESENTATION_REPRESENTATION('',(
    #5226),#2139);
#5226 = STYLED_ITEM('color',(#5227),#1989);
#5227 = PRESENTATION_STYLE_ASSIGNMENT((#5228,#5233));
#5228 = SURFACE_STYLE_USAGE(.BOTH.,#5229);
#5229 = SURFACE_SIDE_STYLE('',(#5230));
#5230 = SURFACE_STYLE_FILL_AREA(#5231);
#5231 = FILL_AREA_STYLE('',(#5232));
#5232 = FILL_AREA_STYLE_COLOUR('',#5132);
#5233 = CURVE_STYLE('',#5234,POSITIVE_LENGTH_MEASURE(0.1),#5135);
#5234 = DRAUGHTING_PRE_DEFINED_CURVE_FONT('continuous');
#5235 = MECHANICAL_DESIGN_GEOMETRIC_PRESENTATION_REPRESENTATION('',(
    #5236),#956);
#5236 = STYLED_ITEM('color',(#5237),#806);
#5237 = PRESENTATION_STYLE_ASSIGNMENT((#5238,#5243));
#5238 = SURFACE_STYLE_USAGE(.BOTH.,#5239);
#5239 = SURFACE_SIDE_STYLE('',(#5240));
#5240 = SURFACE_STYLE_FILL_AREA(#5241);
#5241 = FILL_AREA_STYLE('',(#5242));
#5242 = FILL_AREA_STYLE_COLOUR('',#5132);
#5243 = CURVE_STYLE('',#5244,POSITIVE_LENGTH_MEASURE(0.1),#5135);
#5244 = DRAUGHTING_PRE_DEFINED_CURVE_FONT('continuous');
#5245 = MECHANICAL_DESIGN_GEOMETRIC_PRESENTATION_REPRESENTATION('',(
    #5246),#2477);
#5246 = STYLED_ITEM('color',(#5247),#2327);
#5247 = PRESENTATION_STYLE_ASSIGNMENT((#5248,#5253));
#5248 = SURFACE_STYLE_USAGE(.BOTH.,#5249);
#5249 = SURFACE_SIDE_STYLE('',(#5250));
#5250 = SURFACE_STYLE_FILL_AREA(#5251);
#5251 = FILL_AREA_STYLE('',(#5252));
#5252 = FILL_AREA_STYLE_COLOUR('',#5132);
#5253 = CURVE_STYLE('',#5254,POSITIVE_LENGTH_MEASURE(0.1),#5135);
#5254 = DRAUGHTING_PRE_DEFINED_CURVE_FONT('continuous');
#5255 = MECHANICAL_DESIGN_GEOMETRIC_PRESENTATION_REPRESENTATION('',(
    #5256),#1801);
#5256 = STYLED_ITEM('color',(#5257),#1651);
#5257 = PRESENTATION_STYLE_ASSIGNMENT((#5258,#5263));
#5258 = SURFACE_STYLE_USAGE(.BOTH.,#5259);
#5259 = SURFACE_SIDE_STYLE('',(#5260));
#5260 = SURFACE_STYLE_FILL_AREA(#5261);
#5261 = FILL_AREA_STYLE('',(#5262));
#5262 = FILL_AREA_STYLE_COLOUR('',#5132);
#5263 = CURVE_STYLE('',#5264,POSITIVE_LENGTH_MEASURE(0.1),#5135);
#5264 = DRAUGHTING_PRE_DEFINED_CURVE_FONT('continuous');
#5265 = MECHANICAL_DESIGN_GEOMETRIC_PRESENTATION_REPRESENTATION('',(
    #5266),#1632);
#5266 = STYLED_ITEM('color',(#5267),#1482);
#5267 = PRESENTATION_STYLE_ASSIGNMENT((#5268,#5273));
#5268 = SURFACE_STYLE_USAGE(.BOTH.,#5269);
#5269 = SURFACE_SIDE_STYLE('',(#5270));
#5270 = SURFACE_STYLE_FILL_AREA(#5271);
#5271 = FILL_AREA_STYLE('',(#5272));
#5272 = FILL_AREA_STYLE_COLOUR('',#5132);
#5273 = CURVE_STYLE('',#5274,POSITIVE_LENGTH_MEASURE(0.1),#5135);
#5274 = DRAUGHTING_PRE_DEFINED_CURVE_FONT('continuous');
#5275 = MECHANICAL_DESIGN_GEOMETRIC_PRESENTATION_REPRESENTATION('',(
    #5276),#2308);
#5276 = STYLED_ITEM('color',(#5277),#2158);
#5277 = PRESENTATION_STYLE_ASSIGNMENT((#5278,#5283));
#5278 = SURFACE_STYLE_USAGE(.BOTH.,#5279);
#5279 = SURFACE_SIDE_STYLE('',(#5280));
#5280 = SURFACE_STYLE_FILL_AREA(#5281);
#5281 = FILL_AREA_STYLE('',(#5282));
#5282 = FILL_AREA_STYLE_COLOUR('',#5132);
#5283 = CURVE_STYLE('',#5284,POSITIVE_LENGTH_MEASURE(0.1),#5135);
#5284 = DRAUGHTING_PRE_DEFINED_CURVE_FONT('continuous');
#5285 = MECHANICAL_DESIGN_GEOMETRIC_PRESENTATION_REPRESENTATION('',(
    #5286,#5295,#5303,#5310),#787);
#5286 = STYLED_ITEM('color',(#5287),#446);
#5287 = PRESENTATION_STYLE_ASSIGNMENT((#5288,#5293));
#5288 = SURFACE_STYLE_USAGE(.BOTH.,#5289);
#5289 = SURFACE_SIDE_STYLE('',(#5290));
#5290 = SURFACE_STYLE_FILL_AREA(#5291);
#5291 = FILL_AREA_STYLE('',(#5292));
#5292 = FILL_AREA_STYLE_COLOUR('',#5132);
#5293 = CURVE_STYLE('',#5294,POSITIVE_LENGTH_MEASURE(0.1),#5135);
#5294 = DRAUGHTING_PRE_DEFINED_CURVE_FONT('continuous');
#5295 = OVER_RIDING_STYLED_ITEM('overriding color',(#5296),#500,#5286);
#5296 = PRESENTATION_STYLE_ASSIGNMENT((#5297));
#5297 = SURFACE_STYLE_USAGE(.BOTH.,#5298);
#5298 = SURFACE_SIDE_STYLE('',(#5299));
#5299 = SURFACE_STYLE_FILL_AREA(#5300);
#5300 = FILL_AREA_STYLE('',(#5301));
#5301 = FILL_AREA_STYLE_COLOUR('',#5302);
#5302 = COLOUR_RGB('',0.768627468855,0.207843135047,0.152941165721);
#5303 = OVER_RIDING_STYLED_ITEM('overriding color',(#5304),#692,#5286);
#5304 = PRESENTATION_STYLE_ASSIGNMENT((#5305));
#5305 = SURFACE_STYLE_USAGE(.BOTH.,#5306);
#5306 = SURFACE_SIDE_STYLE('',(#5307));
#5307 = SURFACE_STYLE_FILL_AREA(#5308);
#5308 = FILL_AREA_STYLE('',(#5309));
#5309 = FILL_AREA_STYLE_COLOUR('',#5302);
#5310 = OVER_RIDING_STYLED_ITEM('overriding color',(#5311),#770,#5286);
#5311 = PRESENTATION_STYLE_ASSIGNMENT((#5312));
#5312 = SURFACE_STYLE_USAGE(.BOTH.,#5313);
#5313 = SURFACE_SIDE_STYLE('',(#5314));
#5314 = SURFACE_STYLE_FILL_AREA(#5315);
#5315 = FILL_AREA_STYLE('',(#5316));
#5316 = FILL_AREA_STYLE_COLOUR('',#5302);
#5317 = MECHANICAL_DESIGN_GEOMETRIC_PRESENTATION_REPRESENTATION('',(
    #5318),#1970);
#5318 = STYLED_ITEM('color',(#5319),#1820);
#5319 = PRESENTATION_STYLE_ASSIGNMENT((#5320,#5325));
#5320 = SURFACE_STYLE_USAGE(.BOTH.,#5321);
#5321 = SURFACE_SIDE_STYLE('',(#5322));
#5322 = SURFACE_STYLE_FILL_AREA(#5323);
#5323 = FILL_AREA_STYLE('',(#5324));
#5324 = FILL_AREA_STYLE_COLOUR('',#5132);
#5325 = CURVE_STYLE('',#5326,POSITIVE_LENGTH_MEASURE(0.1),#5135);
#5326 = DRAUGHTING_PRE_DEFINED_CURVE_FONT('continuous');
#5327 = MECHANICAL_DESIGN_GEOMETRIC_PRESENTATION_REPRESENTATION('',(
    #5328),#427);
#5328 = STYLED_ITEM('color',(#5329),#108);
#5329 = PRESENTATION_STYLE_ASSIGNMENT((#5330,#5335));
#5330 = SURFACE_STYLE_USAGE(.BOTH.,#5331);
#5331 = SURFACE_SIDE_STYLE('',(#5332));
#5332 = SURFACE_STYLE_FILL_AREA(#5333);
#5333 = FILL_AREA_STYLE('',(#5334));
#5334 = FILL_AREA_STYLE_COLOUR('',#5135);
#5335 = CURVE_STYLE('',#5336,POSITIVE_LENGTH_MEASURE(0.1),#5135);
#5336 = DRAUGHTING_PRE_DEFINED_CURVE_FONT('continuous');
ENDSEC;
END-ISO-10303-21;
